id,area,property_type,bedrooms,bathrooms,sqft,floor,rent_price_aed,sale_price_aed,days_on_market,amenities,listing_date,timestamp,seasonal_factor
PROP-343962,Bluewaters,Apartment,1,2,626,9,887476,1255768,39,"['gym', 'balcony', 'security', 'pool', 'metro', 'sea_view']",2025-11-16,2026-08-05T22:00:04.623476,0.85
PROP-456778,Arabian Ranches,Apartment,3,3,1978,27,1054087,2129870,46,"['parking', 'sea_view']",2025-04-14,2026-08-05T22:00:04.623518,0.85
PROP-678856,Palm Jumeirah,Villa,4,5,1651,1,2234707,3386672,24,"['balcony', 'metro', 'pool', 'security', 'sea_view', 'gym']",2026-04-23,2026-08-05T22:00:04.623546,0.85
PROP-498591,Palm Jumeirah,Townhouse,3,3,1725,1,1919913,3380187,22,"['security', 'metro']",2026-04-02,2026-08-05T22:00:04.623568,0.85
PROP-271339,Palm Jumeirah,Penthouse,5,6,2244,23,2762016,4458568,42,"['parking', 'balcony']",2025-10-17,2026-08-05T22:00:04.623590,0.85
PROP-787277,JLT,Penthouse,4,4,2366,4,1582178,1915584,27,"['balcony', 'pool', 'gym', 'mall', 'parking']",2025-12-04,2026-08-05T22:00:04.623611,0.85
PROP-617488,JLT,Penthouse,5,7,2165,9,1459184,2096608,25,"['metro', 'balcony', 'security', 'parking', 'gym', 'pool']",2025-02-05,2026-08-05T22:00:04.623632,0.85
PROP-814825,Dubai Marina,Apartment,1,1,691,44,643996,782048,21,"['mall', 'balcony', 'parking', 'metro', 'pool', 'sea_view']",2026-03-20,2026-08-05T22:00:04.623652,0.85
PROP-738551,Arabian Ranches,Townhouse,3,4,1384,1,808731,1433986,51,"['parking', 'balcony', 'pool', 'mall']",2025-01-12,2026-08-05T22:00:04.623671,0.85
PROP-351083,Downtown Dubai,Villa,5,5,2811,1,3937864,4945579,19,"['gym', 'parking']",2025-09-06,2026-08-05T22:00:04.623690,0.85
PROP-377932,Dubai Marina,Villa,3,2,1959,1,2103512,3112835,26,"['parking', 'sea_view', 'security']",2026-01-22,2026-08-05T22:00:04.623708,0.85
PROP-716886,Arabian Ranches,Penthouse,3,3,1855,26,1333440,2031157,35,"['mall', 'pool', 'gym', 'sea_view', 'metro', 'balcony']",2026-06-10,2026-08-05T22:00:04.623729,0.85
PROP-324643,Arabian Ranches,Villa,4,3,1602,1,856983,1876944,48,"['gym', 'balcony', 'mall', 'parking']",2025-02-06,2026-08-05T22:00:04.623752,0.85
PROP-163556,Arabian Ranches,Villa,6,6,3642,1,2453976,3485841,24,"['sea_view', 'security', 'metro', 'mall', 'pool']",2026-04-03,2026-08-05T22:00:04.623774,0.85
PROP-153045,JLT,Townhouse,1,1,596,1,453487,501864,22,"['mall', 'gym', 'pool', 'security']",2026-04-05,2026-08-05T22:00:04.623792,0.85
PROP-509386,Bluewaters,Apartment,1,1,700,32,895953,1483153,39,"['parking', 'security']",2026-06-25,2026-08-05T22:00:04.623811,0.85
PROP-884309,Palm Jumeirah,Penthouse,4,6,2496,43,3986745,4763261,22,"['pool', 'balcony', 'sea_view']",2026-05-13,2026-08-05T22:00:04.623830,0.85
PROP-523389,Palm Jumeirah,Apartment,1,3,849,11,951689,1830002,40,"['gym', 'balcony', 'pool']",2025-10-29,2026-08-05T22:00:04.623848,0.85
PROP-237235,Dubai Marina,Villa,3,2,1769,1,1739779,2225729,17,"['sea_view', 'gym', 'parking']",2025-06-09,2026-08-05T22:00:04.623877,0.85
PROP-630458,Bluewaters,Townhouse,2,3,1221,1,1251562,2408661,29,"['gym', 'balcony']",2025-12-01,2026-08-05T22:00:04.623894,0.85
PROP-240814,Palm Jumeirah,Villa,5,4,2349,1,3018913,4948706,30,"['pool', 'sea_view', 'balcony', 'parking']",2026-03-22,2026-08-05T22:00:04.623913,0.85
PROP-969634,Palm Jumeirah,Apartment,1,1,663,39,816586,1352530,34,"['mall', 'parking', 'pool', 'sea_view']",2025-04-25,2026-08-05T22:00:04.623931,0.85
PROP-672092,Palm Jumeirah,Apartment,1,2,713,41,1273029,1364045,27,"['metro', 'balcony', 'pool', 'sea_view', 'mall', 'parking']",2026-02-07,2026-08-05T22:00:04.623950,0.85
PROP-799330,Dubai Marina,Townhouse,3,3,1545,1,1228365,1981193,38,"['sea_view', 'gym']",2025-10-16,2026-08-05T22:00:04.623971,0.85
PROP-920391,Dubai Marina,Townhouse,3,5,1703,1,1895907,2074881,14,"['metro', 'pool', 'gym']",2025-08-16,2026-08-05T22:00:04.623990,0.85
PROP-420015,JLT,Villa,5,5,2800,1,2001335,2272528,32,"['security', 'metro', 'mall']",2025-07-11,2026-08-05T22:00:04.624008,0.85
PROP-128941,Downtown Dubai,Villa,3,3,1624,1,1776216,2341243,28,"['sea_view', 'mall', 'balcony', 'security']",2025-08-03,2026-08-05T22:00:04.624027,0.85
PROP-704596,Dubai Marina,Townhouse,1,2,514,1,511309,654241,34,"['metro', 'balcony', 'mall', 'pool']",2025-06-03,2026-08-05T22:00:04.624045,0.85
PROP-753425,Downtown Dubai,Townhouse,1,3,716,1,1005461,1233718,27,"['sea_view', 'security', 'pool']",2025-08-05,2026-08-05T22:00:04.624063,0.85
PROP-525800,Palm Jumeirah,Apartment,3,4,1695,43,2329002,3528448,22,"['parking', 'gym', 'security', 'sea_view', 'metro', 'mall']",2025-09-09,2026-08-05T22:00:04.624082,0.85
PROP-640490,Arabian Ranches,Apartment,2,3,1126,38,704424,1122255,35,"['security', 'balcony', 'mall', 'gym', 'pool']",2025-09-14,2026-08-05T22:00:04.624101,0.85
PROP-577538,Bluewaters,Townhouse,1,1,780,1,890218,1341192,11,"['security', 'mall']",2026-05-12,2026-08-05T22:00:04.624118,0.85
PROP-943170,JLT,Villa,6,8,2936,1,1891580,2954457,45,"['metro', 'gym']",2025-12-23,2026-08-05T22:00:04.624137,0.85
PROP-266889,Bluewaters,Penthouse,3,3,1476,9,2144281,2952806,28,"['sea_view', 'metro', 'security', 'balcony', 'mall', 'parking']",2025-04-08,2026-08-05T22:00:04.624161,0.85
PROP-345884,Bluewaters,Penthouse,4,5,2394,41,2800377,4947452,26,"['balcony', 'security', 'pool']",2025-09-21,2026-08-05T22:00:04.624185,0.85
PROP-668969,Palm Jumeirah,Townhouse,2,1,947,1,1180443,2164619,35,"['gym', 'security', 'metro']",2025-07-28,2026-08-05T22:00:04.624204,0.85
PROP-664365,JLT,Penthouse,3,3,1670,38,1475977,1345785,45,"['metro', 'security', 'pool', 'parking', 'balcony', 'gym']",2025-04-18,2026-08-05T22:00:04.624224,0.85
PROP-720644,Bluewaters,Villa,6,6,2837,1,3637733,5201112,32,"['parking', 'metro', 'security', 'gym', 'pool']",2025-05-27,2026-08-05T22:00:04.624243,0.85
PROP-975467,Arabian Ranches,Apartment,1,3,720,12,354289,729886,27,"['sea_view', 'parking', 'security', 'metro', 'mall']",2025-10-24,2026-08-05T22:00:04.624262,0.85
PROP-751517,Dubai Marina,Penthouse,3,2,1531,42,1231999,2416902,10,"['security', 'gym']",2026-07-06,2026-08-05T22:00:04.624279,0.85
PROP-915573,Downtown Dubai,Villa,4,6,2242,1,2759241,3432005,26,"['sea_view', 'gym', 'balcony', 'mall']",2026-03-15,2026-08-05T22:00:04.624297,0.85
PROP-206851,Downtown Dubai,Townhouse,1,1,823,1,1057659,1625345,16,"['gym', 'balcony', 'sea_view']",2025-11-14,2026-08-05T22:00:04.624315,0.85
PROP-962276,Bluewaters,Townhouse,3,2,1603,1,1935606,2976813,22,"['sea_view', 'pool']",2025-05-10,2026-08-05T22:00:04.624333,0.85
PROP-437960,JLT,Apartment,2,3,1359,10,992948,1386368,47,"['mall', 'security', 'metro', 'balcony']",2025-09-18,2026-08-05T22:00:04.624353,0.85
PROP-456871,Downtown Dubai,Apartment,2,4,1161,37,1454685,1889403,4,"['sea_view', 'gym', 'security', 'metro', 'parking']",2025-11-10,2026-08-05T22:00:04.624373,0.85
PROP-408528,Palm Jumeirah,Townhouse,3,2,1643,1,1875716,3785557,28,"['security', 'sea_view', 'mall', 'metro', 'balcony', 'pool']",2026-04-04,2026-08-05T22:00:04.624393,0.85
PROP-341736,Downtown Dubai,Penthouse,5,5,2537,24,3011837,4359969,17,"['sea_view', 'parking', 'mall', 'security', 'metro', 'gym']",2025-11-04,2026-08-05T22:00:04.624412,0.85
PROP-725780,Dubai Marina,Villa,5,4,3074,1,3449999,4442181,15,"['mall', 'parking', 'sea_view']",2025-01-30,2026-08-05T22:00:04.624430,0.85
PROP-768854,Palm Jumeirah,Apartment,1,2,692,12,897961,1588564,17,"['pool', 'mall', 'balcony', 'parking']",2026-03-12,2026-08-05T22:00:04.624448,0.85
PROP-705050,JLT,Apartment,1,2,815,29,572302,888064,25,"['gym', 'metro', 'pool', 'security', 'balcony']",2026-04-27,2026-08-05T22:00:04.624466,0.85
PROP-411797,Bluewaters,Apartment,1,1,749,6,1165980,1251632,35,"['security', 'metro', 'balcony', 'mall', 'sea_view']",2025-04-04,2026-08-05T22:00:04.624486,0.85
PROP-264136,Arabian Ranches,Penthouse,4,3,2174,14,1369888,2129202,23,"['security', 'gym', 'balcony']",2026-04-28,2026-08-05T22:00:04.624504,0.85
PROP-220351,Dubai Marina,Penthouse,4,6,1812,15,1601296,2249342,36,"['gym', 'sea_view', 'mall', 'parking', 'metro']",2025-04-21,2026-08-05T22:00:04.624526,0.85
PROP-385470,Arabian Ranches,Villa,4,5,1680,1,830446,1911484,40,"['balcony', 'security', 'pool', 'metro', 'parking', 'mall']",2025-05-10,2026-08-05T22:00:04.624548,0.85
PROP-901909,Arabian Ranches,Penthouse,4,3,2132,28,1399206,2304935,21,"['security', 'sea_view']",2026-06-24,2026-08-05T22:00:04.624567,0.85
PROP-592841,Bluewaters,Townhouse,3,2,1824,1,2323904,3631411,40,"['parking', 'balcony', 'security', 'sea_view']",2026-03-25,2026-08-05T22:00:04.624585,0.85
PROP-221552,Palm Jumeirah,Penthouse,4,5,2237,11,2947154,5112823,22,"['pool', 'security', 'mall', 'parking', 'balcony']",2025-08-17,2026-08-05T22:00:04.624603,0.85
PROP-559398,JLT,Apartment,3,5,1492,13,1127253,1472290,32,"['pool', 'gym', 'parking', 'balcony', 'metro']",2025-09-13,2026-08-05T22:00:04.624623,0.85
PROP-583863,Bluewaters,Penthouse,3,2,1755,11,2084597,2822399,24,"['security', 'metro']",2026-03-18,2026-08-05T22:00:04.624649,0.85
PROP-299869,Dubai Marina,Villa,6,7,3119,1,2899349,4183358,24,"['mall', 'balcony', 'gym']",2025-06-15,2026-08-05T22:00:04.624677,0.85
PROP-978157,Arabian Ranches,Villa,3,4,1953,1,1096746,2219223,29,"['balcony', 'sea_view']",2025-09-05,2026-08-05T22:00:04.624703,0.85
PROP-997594,Arabian Ranches,Penthouse,3,5,1808,23,1012092,2040982,33,"['sea_view', 'metro', 'gym', 'mall', 'security']",2025-11-06,2026-08-05T22:00:04.624732,0.85
PROP-718849,JLT,Apartment,2,4,1355,25,1214790,1406108,37,"['mall', 'pool', 'gym']",2025-01-31,2026-08-05T22:00:04.624765,0.85
PROP-753534,Palm Jumeirah,Apartment,2,1,1301,1,2081807,2715167,33,"['gym', 'security', 'parking']",2025-07-22,2026-08-05T22:00:04.624788,0.85
PROP-883041,Bluewaters,Penthouse,5,4,2543,25,3904103,5025170,39,"['pool', 'balcony', 'mall', 'gym', 'parking']",2025-11-07,2026-08-05T22:00:04.624808,0.85
PROP-551607,Dubai Marina,Penthouse,3,2,1574,45,1397409,1754181,19,"['balcony', 'parking']",2025-06-29,2026-08-05T22:00:04.624826,0.85
PROP-583550,Downtown Dubai,Villa,6,6,2547,1,2541663,4896617,23,"['mall', 'balcony', 'gym']",2025-11-18,2026-08-05T22:00:04.624843,0.85
PROP-823846,Bluewaters,Townhouse,2,3,1144,1,1722189,2149749,20,"['parking', 'pool', 'security', 'mall', 'balcony', 'sea_view']",2025-05-08,2026-08-05T22:00:04.624880,0.85
PROP-108491,Palm Jumeirah,Penthouse,4,4,2139,7,2675435,4706539,31,"['balcony', 'pool', 'sea_view', 'security']",2025-09-27,2026-08-05T22:00:04.624901,0.85
PROP-423939,Arabian Ranches,Apartment,3,5,1486,39,999281,1435032,27,"['balcony', 'sea_view', 'metro', 'gym', 'pool', 'parking']",2026-05-30,2026-08-05T22:00:04.624922,0.85
PROP-656639,JLT,Apartment,3,4,1778,6,1551995,1596671,30,"['security', 'gym', 'balcony']",2025-06-27,2026-08-05T22:00:04.624941,0.85
PROP-929090,Arabian Ranches,Townhouse,1,2,724,1,477242,725168,24,"['gym', 'mall', 'metro', 'security', 'parking']",2026-04-11,2026-08-05T22:00:04.624959,0.85
PROP-749641,JLT,Apartment,2,1,1220,44,1006138,1071951,29,"['gym', 'sea_view', 'mall', 'security']",2026-06-12,2026-08-05T22:00:04.624979,0.85
PROP-419149,Arabian Ranches,Townhouse,3,3,1677,1,1060697,1742872,43,"['metro', 'pool', 'gym', 'mall']",2026-05-16,2026-08-05T22:00:04.624999,0.85
PROP-974190,JLT,Apartment,1,1,656,25,482877,656751,40,"['metro', 'balcony', 'sea_view', 'gym', 'security', 'parking']",2026-03-17,2026-08-05T22:00:04.625018,0.85
PROP-163491,JLT,Penthouse,4,3,2393,14,1754104,2596803,44,"['gym', 'sea_view', 'parking', 'balcony']",2025-06-20,2026-08-05T22:00:04.625037,0.85
PROP-355400,JLT,Townhouse,1,1,612,1,488884,607416,36,"['pool', 'metro']",2025-07-24,2026-08-05T22:00:04.625054,0.85
PROP-666456,Downtown Dubai,Villa,3,3,1710,1,2308953,2633056,28,"['pool', 'parking', 'gym']",2026-02-25,2026-08-05T22:00:04.625072,0.85
PROP-877747,Palm Jumeirah,Villa,3,2,1256,1,1680445,2953989,31,"['pool', 'gym', 'parking', 'mall']",2026-02-26,2026-08-05T22:00:04.625089,0.85
PROP-416282,JLT,Apartment,3,2,1742,24,1313418,1450591,33,"['pool', 'sea_view', 'metro']",2025-01-16,2026-08-05T22:00:04.625107,0.85
PROP-168872,JLT,Apartment,1,3,770,44,486939,780564,31,"['gym', 'parking']",2026-02-04,2026-08-05T22:00:04.625124,0.85
PROP-550961,Downtown Dubai,Townhouse,3,4,1712,1,1885855,2916102,17,"['gym', 'metro']",2025-12-11,2026-08-05T22:00:04.625141,0.85
PROP-195656,JLT,Villa,6,7,3100,1,2246870,2568429,30,"['balcony', 'parking', 'gym', 'security']",2026-04-29,2026-08-05T22:00:04.625159,0.85
PROP-856086,Dubai Marina,Apartment,2,1,1370,9,1343002,1908728,26,"['sea_view', 'mall', 'pool', 'security', 'parking', 'balcony']",2025-05-03,2026-08-05T22:00:04.625184,0.85
PROP-899649,Dubai Marina,Townhouse,3,4,1473,1,1455398,1776982,30,"['security', 'metro', 'pool', 'parking', 'balcony']",2026-03-11,2026-08-05T22:00:04.625204,0.85
PROP-693830,Palm Jumeirah,Villa,6,5,3266,1,3595363,6503550,37,"['sea_view', 'parking', 'pool', 'gym']",2026-02-03,2026-08-05T22:00:04.625227,0.85
PROP-155164,Bluewaters,Penthouse,3,3,1732,6,2464463,2994766,24,"['sea_view', 'gym', 'parking', 'mall', 'balcony']",2026-04-17,2026-08-05T22:00:04.625246,0.85
PROP-216276,Downtown Dubai,Villa,3,2,1583,1,2022647,2677481,18,"['balcony', 'gym', 'mall', 'pool', 'parking']",2025-05-04,2026-08-05T22:00:04.625264,0.85
PROP-444061,Palm Jumeirah,Penthouse,5,6,2017,26,3608011,3707946,19,"['security', 'metro', 'gym', 'parking']",2025-09-24,2026-08-05T22:00:04.625282,0.85
PROP-119651,Dubai Marina,Apartment,2,4,954,25,927030,1159162,26,"['gym', 'security', 'sea_view', 'pool']",2025-04-20,2026-08-05T22:00:04.625302,0.85
PROP-192410,JLT,Apartment,2,4,1299,41,942175,1084083,17,"['parking', 'metro', 'balcony', 'security']",2025-07-14,2026-08-05T22:00:04.625320,0.85
PROP-763984,JLT,Apartment,1,3,805,34,501993,854231,40,"['security', 'parking', 'gym', 'pool']",2025-01-20,2026-08-05T22:00:04.625338,0.85
PROP-285751,Dubai Marina,Villa,5,6,2855,1,2469737,3349549,15,"['parking', 'metro', 'sea_view']",2026-05-05,2026-08-05T22:00:04.625355,0.85
PROP-762055,Bluewaters,Penthouse,4,6,2485,42,3387206,4907161,38,"['parking', 'security', 'pool', 'metro']",2025-04-02,2026-08-05T22:00:04.625375,0.85
PROP-180458,Palm Jumeirah,Townhouse,3,2,1679,1,1903007,3564885,14,"['sea_view', 'metro']",2025-10-02,2026-08-05T22:00:04.625392,0.85
PROP-572407,Bluewaters,Apartment,3,5,1801,36,2765048,3680078,12,"['security', 'parking', 'balcony', 'mall', 'gym']",2026-05-22,2026-08-05T22:00:04.625413,0.85
PROP-811875,Dubai Marina,Townhouse,3,2,1625,1,1290398,2362442,23,"['parking', 'mall', 'metro', 'sea_view', 'security', 'gym']",2025-08-01,2026-08-05T22:00:04.625432,0.85
PROP-787923,Arabian Ranches,Apartment,3,4,1366,7,838602,1387814,29,"['parking', 'mall', 'pool', 'balcony', 'gym', 'security']",2025-08-24,2026-08-05T22:00:04.625451,0.85
PROP-423869,Bluewaters,Penthouse,3,2,1673,25,2287804,3006524,15,"['gym', 'sea_view', 'metro', 'security', 'parking', 'pool']",2025-07-15,2026-08-05T22:00:04.625470,0.85
PROP-903531,Downtown Dubai,Villa,5,7,2210,1,3182375,3299457,13,"['pool', 'sea_view']",2025-08-13,2026-08-05T22:00:04.625489,0.85
PROP-809217,Arabian Ranches,Villa,6,6,2538,1,1724628,2871313,46,"['mall', 'pool', 'security']",2025-06-12,2026-08-05T22:00:04.625506,0.85
PROP-906814,Bluewaters,Villa,6,7,3581,1,4105120,6243477,41,"['security', 'parking', 'sea_view', 'balcony', 'mall']",2025-03-10,2026-08-05T22:00:04.625524,0.85
PROP-187949,Palm Jumeirah,Penthouse,5,7,2157,39,2544498,4260079,33,"['sea_view', 'balcony', 'pool', 'metro', 'mall']",2025-09-15,2026-08-05T22:00:04.625542,0.85
PROP-492127,Downtown Dubai,Townhouse,2,2,1068,1,1510449,1637481,18,"['pool', 'security', 'mall', 'metro']",2025-02-19,2026-08-05T22:00:04.625562,0.85
PROP-829884,Downtown Dubai,Penthouse,3,4,1335,21,1878073,2541180,24,"['parking', 'gym', 'pool', 'mall']",2025-03-16,2026-08-05T22:00:04.625581,0.85
PROP-350021,Downtown Dubai,Penthouse,4,3,1589,17,1689924,2367152,34,"['metro', 'pool', 'parking', 'gym', 'sea_view', 'mall']",2026-05-15,2026-08-05T22:00:04.625600,0.85
PROP-352249,JLT,Penthouse,3,2,1805,2,1425203,1755388,39,"['balcony', 'security', 'pool']",2025-07-01,2026-08-05T22:00:04.625618,0.85
PROP-883618,Arabian Ranches,Penthouse,3,2,1736,5,1230506,1845757,46,"['pool', 'security', 'metro', 'mall', 'sea_view', 'gym']",2025-10-04,2026-08-05T22:00:04.625637,0.85
PROP-953025,Dubai Marina,Townhouse,1,2,564,1,596565,827722,19,"['pool', 'parking', 'balcony']",2025-08-05,2026-08-05T22:00:04.625654,0.85
PROP-430926,Bluewaters,Villa,6,8,3259,1,4752302,5337786,35,"['pool', 'parking', 'gym', 'mall', 'sea_view']",2026-05-20,2026-08-05T22:00:04.625673,0.85
PROP-938171,Palm Jumeirah,Penthouse,5,7,2188,42,2664096,4485141,37,"['sea_view', 'parking']",2026-02-22,2026-08-05T22:00:04.625691,0.85
PROP-671971,Palm Jumeirah,Penthouse,4,6,2065,12,2967954,4436170,42,"['balcony', 'metro', 'pool', 'security', 'sea_view', 'gym']",2025-12-22,2026-08-05T22:00:04.625710,0.85
PROP-862120,Palm Jumeirah,Townhouse,1,1,684,1,889663,1519735,26,"['mall', 'parking', 'security']",2026-05-28,2026-08-05T22:00:04.625727,0.85
PROP-136489,Palm Jumeirah,Penthouse,4,3,1783,24,2584319,4145347,18,"['parking', 'metro']",2025-04-26,2026-08-05T22:00:04.625750,0.85
PROP-655178,Downtown Dubai,Apartment,1,2,738,37,719952,1101142,18,"['sea_view', 'security', 'pool', 'balcony']",2026-02-28,2026-08-05T22:00:04.625771,0.85
PROP-827691,Palm Jumeirah,Penthouse,4,5,1810,2,2913531,3890288,25,"['gym', 'parking', 'metro', 'security', 'mall', 'sea_view']",2025-09-22,2026-08-05T22:00:04.625790,0.85
PROP-414527,JLT,Villa,3,3,1435,1,935328,1455105,19,"['sea_view', 'mall', 'pool', 'balcony']",2025-09-23,2026-08-05T22:00:04.625808,0.85
PROP-590110,Downtown Dubai,Villa,5,5,2107,1,2823783,3249081,19,"['sea_view', 'balcony']",2025-07-05,2026-08-05T22:00:04.625826,0.85
PROP-773540,Arabian Ranches,Villa,3,2,1590,1,1144645,1773900,37,"['metro', 'mall', 'balcony', 'pool', 'gym']",2025-08-09,2026-08-05T22:00:04.625844,0.85
PROP-272655,Dubai Marina,Penthouse,4,5,1910,41,1893961,2834231,13,"['pool', 'metro', 'mall', 'balcony', 'gym']",2025-09-15,2026-08-05T22:00:04.625873,0.85
PROP-744274,Downtown Dubai,Townhouse,3,3,1679,1,2333078,3202793,12,"['balcony', 'gym', 'sea_view']",2025-09-17,2026-08-05T22:00:04.625893,0.85
PROP-772612,Arabian Ranches,Apartment,3,3,1900,10,990067,2065953,49,"['sea_view', 'metro', 'balcony', 'pool', 'mall', 'security']",2026-05-02,2026-08-05T22:00:04.625913,0.85
PROP-411882,Arabian Ranches,Townhouse,3,3,2030,1,1177361,2216145,36,"['balcony', 'sea_view', 'parking', 'security', 'gym', 'metro']",2025-05-11,2026-08-05T22:00:04.625932,0.85
PROP-869864,JLT,Apartment,3,2,1495,27,1114186,1287504,36,"['sea_view', 'metro', 'mall']",2025-08-08,2026-08-05T22:00:04.625951,0.85
PROP-745270,Palm Jumeirah,Penthouse,3,4,1830,7,2396867,3891551,21,"['security', 'gym', 'pool', 'sea_view', 'parking']",2025-06-17,2026-08-05T22:00:04.625969,0.85
PROP-629996,JLT,Villa,4,5,2248,1,1476824,1905860,33,"['mall', 'parking', 'security', 'pool', 'balcony']",2025-05-27,2026-08-05T22:00:04.625988,0.85
PROP-377319,JLT,Villa,4,5,1573,1,1076572,1540369,43,"['balcony', 'mall', 'pool', 'sea_view', 'security']",2026-02-06,2026-08-05T22:00:04.626006,0.85
PROP-965401,Bluewaters,Townhouse,2,3,1027,1,1075911,1989391,22,"['balcony', 'pool', 'security', 'mall', 'sea_view', 'parking']",2025-10-01,2026-08-05T22:00:04.626026,0.85
PROP-140804,Arabian Ranches,Apartment,1,1,741,22,454884,748174,25,"['metro', 'balcony', 'pool']",2026-05-26,2026-08-05T22:00:04.626044,0.85
PROP-722565,Downtown Dubai,Townhouse,2,4,1139,1,1169861,2231097,14,"['metro', 'balcony', 'sea_view']",2025-09-19,2026-08-05T22:00:04.626069,0.85
PROP-856442,Palm Jumeirah,Penthouse,5,6,2463,24,3247447,4622369,26,"['balcony', 'metro', 'sea_view', 'pool', 'security', 'gym']",2025-11-19,2026-08-05T22:00:04.626089,0.85
PROP-258787,Dubai Marina,Penthouse,3,5,1385,3,1365783,2008610,15,"['mall', 'parking']",2025-05-19,2026-08-05T22:00:04.626106,0.85
PROP-581992,JLT,Villa,6,8,3359,1,2726609,3209877,34,"['mall', 'balcony', 'security', 'parking']",2026-01-06,2026-08-05T22:00:04.626124,0.85
PROP-823769,Arabian Ranches,Townhouse,3,4,1804,1,1130058,1727653,28,"['balcony', 'gym', 'parking', 'sea_view']",2025-12-08,2026-08-05T22:00:04.626144,0.85
PROP-401602,Bluewaters,Penthouse,4,6,2142,18,2517720,4164232,28,"['metro', 'mall', 'parking', 'gym', 'sea_view']",2026-05-26,2026-08-05T22:00:04.626163,0.85
PROP-802371,Bluewaters,Apartment,2,4,1265,31,1436474,2652415,19,"['balcony', 'gym', 'pool', 'mall', 'metro', 'sea_view']",2026-05-27,2026-08-05T22:00:04.626186,0.85
PROP-784607,Arabian Ranches,Villa,4,3,1811,1,1012838,1886557,42,"['pool', 'balcony', 'gym']",2025-05-04,2026-08-05T22:00:04.626204,0.85
PROP-283568,JLT,Penthouse,5,5,2962,21,2030820,2422171,41,"['security', 'balcony']",2026-05-18,2026-08-05T22:00:04.626222,0.85
PROP-451317,JLT,Villa,3,5,1623,1,1429834,1766861,46,"['pool', 'mall', 'parking', 'balcony']",2026-03-03,2026-08-05T22:00:04.626240,0.85
PROP-114768,Palm Jumeirah,Penthouse,5,7,2278,30,2907736,5390134,23,"['mall', 'sea_view', 'parking']",2026-01-04,2026-08-05T22:00:04.626258,0.85
PROP-107161,Bluewaters,Townhouse,2,2,1095,1,1605899,2090539,13,"['gym', 'mall', 'metro', 'security', 'parking']",2025-11-11,2026-08-05T22:00:04.626276,0.85
PROP-588002,Palm Jumeirah,Penthouse,3,5,1862,22,2415760,4293805,13,"['sea_view', 'mall', 'gym', 'pool']",2026-03-24,2026-08-05T22:00:04.626296,0.85
PROP-536045,Palm Jumeirah,Villa,6,7,3316,1,5106216,8152203,24,"['security', 'gym', 'metro', 'mall', 'sea_view', 'balcony']",2025-06-25,2026-08-05T22:00:04.626315,0.85
PROP-164758,Bluewaters,Penthouse,5,5,2951,44,4212727,6267572,13,"['mall', 'balcony', 'sea_view', 'parking', 'pool', 'metro']",2026-03-31,2026-08-05T22:00:04.626336,0.85
PROP-638179,Arabian Ranches,Villa,4,4,2098,1,1229515,2316377,43,"['mall', 'pool', 'balcony', 'security', 'metro', 'gym']",2026-02-08,2026-08-05T22:00:04.626355,0.85
PROP-147489,JLT,Penthouse,5,4,2801,44,2358650,2848572,29,"['pool', 'sea_view', 'gym', 'balcony']",2026-04-24,2026-08-05T22:00:04.626372,0.85
PROP-492650,JLT,Townhouse,3,2,1594,1,1403317,1308204,46,"['pool', 'parking', 'security', 'gym', 'balcony']",2025-04-16,2026-08-05T22:00:04.626393,0.85
PROP-585494,JLT,Penthouse,4,6,1856,9,1477487,1678438,22,"['metro', 'balcony', 'gym', 'sea_view', 'pool', 'security']",2025-09-12,2026-08-05T22:00:04.626413,0.85
PROP-744793,Bluewaters,Penthouse,5,7,2266,30,2734894,4000373,40,"['pool', 'metro']",2025-04-23,2026-08-05T22:00:04.626431,0.85
PROP-521805,Dubai Marina,Villa,4,3,1617,1,1521142,2322031,36,"['security', 'sea_view']",2026-05-16,2026-08-05T22:00:04.626448,0.85
PROP-792282,JLT,Villa,4,3,1897,1,1703591,1650861,46,"['sea_view', 'balcony', 'metro', 'parking', 'gym', 'security']",2026-01-25,2026-08-05T22:00:04.626468,0.85
PROP-461145,Arabian Ranches,Villa,6,7,2651,1,1626686,2856452,44,"['metro', 'balcony', 'security']",2026-05-05,2026-08-05T22:00:04.626486,0.85
PROP-689704,Bluewaters,Penthouse,5,6,2953,27,3250005,5391812,35,"['mall', 'gym', 'metro', 'parking', 'sea_view', 'security']",2026-05-03,2026-08-05T22:00:04.626507,0.85
PROP-495489,JLT,Penthouse,5,5,2469,17,1632011,2454215,46,"['sea_view', 'pool', 'balcony', 'gym', 'metro']",2025-09-19,2026-08-05T22:00:04.626527,0.85
PROP-883159,Bluewaters,Apartment,1,1,944,43,1247759,1781928,38,"['balcony', 'pool', 'gym', 'sea_view']",2026-02-28,2026-08-05T22:00:04.626546,0.85
PROP-941814,JLT,Villa,4,6,2026,1,1411077,1792843,31,"['sea_view', 'parking', 'metro', 'mall', 'security', 'gym']",2026-03-27,2026-08-05T22:00:04.626564,0.85
PROP-409531,Bluewaters,Penthouse,4,4,2036,27,2126981,4313166,34,"['pool', 'parking', 'balcony']",2025-05-01,2026-08-05T22:00:04.626582,0.85
PROP-276405,Downtown Dubai,Villa,5,5,2626,1,3571397,4463099,24,"['balcony', 'metro', 'security', 'sea_view']",2025-03-28,2026-08-05T22:00:04.626600,0.85
PROP-957730,Bluewaters,Townhouse,1,1,913,1,1172009,1963077,28,"['pool', 'metro']",2026-04-23,2026-08-05T22:00:04.626617,0.85
PROP-116495,Bluewaters,Apartment,1,3,603,5,845328,968107,27,"['sea_view', 'pool', 'balcony', 'mall', 'security']",2025-02-25,2026-08-05T22:00:04.626637,0.85
PROP-301255,Dubai Marina,Penthouse,3,2,1695,35,1918557,1879028,35,"['parking', 'pool', 'metro', 'balcony', 'gym']",2025-10-28,2026-08-05T22:00:04.626658,0.85
PROP-785491,Arabian Ranches,Townhouse,2,3,1042,1,593452,1064724,39,"['security', 'parking', 'sea_view']",2026-04-06,2026-08-05T22:00:04.626676,0.85
PROP-693343,Bluewaters,Apartment,1,3,740,36,945011,1466716,33,"['gym', 'security', 'metro']",2025-07-29,2026-08-05T22:00:04.626694,0.85
PROP-715551,Dubai Marina,Apartment,1,1,917,31,804753,1432427,30,"['pool', 'gym', 'parking', 'mall']",2025-12-06,2026-08-05T22:00:04.626714,0.85
PROP-156304,Downtown Dubai,Penthouse,3,4,1561,16,1923173,2980987,25,"['sea_view', 'security', 'mall', 'gym', 'pool', 'parking']",2025-07-22,2026-08-05T22:00:04.626734,0.85
PROP-812711,Dubai Marina,Penthouse,3,2,1614,21,1276133,1995974,23,"['security', 'parking', 'balcony', 'mall', 'sea_view']",2026-01-04,2026-08-05T22:00:04.626756,0.85
PROP-195966,Arabian Ranches,Penthouse,3,4,1376,6,748975,1395263,46,"['metro', 'parking', 'mall']",2026-03-03,2026-08-05T22:00:04.626774,0.85
PROP-725920,Dubai Marina,Townhouse,2,3,1326,1,1083081,1516478,22,"['metro', 'pool', 'mall', 'sea_view', 'parking']",2026-04-10,2026-08-05T22:00:04.626793,0.85
PROP-381981,Arabian Ranches,Townhouse,2,1,1159,1,664190,1072550,49,"['security', 'balcony', 'metro', 'gym', 'mall', 'pool']",2026-01-26,2026-08-05T22:00:04.626812,0.85
PROP-855917,Palm Jumeirah,Townhouse,2,2,917,1,1277350,1920905,28,"['sea_view', 'parking']",2025-10-29,2026-08-05T22:00:04.626829,0.85
PROP-415029,Bluewaters,Penthouse,5,5,2489,9,2948258,5399372,21,"['metro', 'mall', 'parking', 'security', 'sea_view', 'gym']",2026-02-26,2026-08-05T22:00:04.626849,0.85
PROP-219420,Palm Jumeirah,Villa,6,7,2673,1,4751209,5356728,35,"['security', 'parking', 'mall', 'metro', 'sea_view']",2025-06-23,2026-08-05T22:00:04.626887,0.85
PROP-764100,Arabian Ranches,Villa,4,3,2480,1,1751658,2387978,46,"['gym', 'metro', 'security', 'sea_view']",2026-01-29,2026-08-05T22:00:04.626907,0.85
PROP-835716,Palm Jumeirah,Villa,5,5,2981,1,4913091,5520143,32,"['metro', 'balcony', 'mall', 'security', 'pool']",2025-07-01,2026-08-05T22:00:04.626928,0.85
PROP-371306,Arabian Ranches,Apartment,1,1,799,11,507588,729717,41,"['sea_view', 'metro', 'security', 'pool', 'balcony']",2026-03-17,2026-08-05T22:00:04.626947,0.85
PROP-409783,Downtown Dubai,Villa,6,7,3037,1,4041409,5324328,20,"['sea_view', 'pool', 'security']",2026-03-31,2026-08-05T22:00:04.626964,0.85
PROP-170437,JLT,Apartment,1,1,698,22,514146,601718,32,"['mall', 'pool', 'security', 'sea_view']",2025-08-12,2026-08-05T22:00:04.626983,0.85
PROP-687044,Palm Jumeirah,Apartment,3,2,1340,42,1552713,3162447,42,"['parking', 'balcony', 'gym']",2025-07-21,2026-08-05T22:00:04.627001,0.85
PROP-315780,JLT,Penthouse,3,5,1727,12,1368032,1605488,17,"['security', 'mall', 'balcony', 'metro', 'sea_view', 'pool']",2025-12-12,2026-08-05T22:00:04.627022,0.85
PROP-464825,Palm Jumeirah,Apartment,3,2,1656,24,2177158,3511192,21,"['sea_view', 'balcony', 'security', 'metro', 'mall']",2026-03-21,2026-08-05T22:00:04.627041,0.85
PROP-291936,Palm Jumeirah,Penthouse,5,5,2862,40,4307084,6498105,23,"['security', 'parking']",2026-03-16,2026-08-05T22:00:04.627059,0.85
PROP-429861,Palm Jumeirah,Villa,6,8,3182,1,4753463,6669876,28,"['parking', 'balcony', 'gym', 'security', 'mall', 'pool']",2025-12-29,2026-08-05T22:00:04.627079,0.85
PROP-275377,JLT,Apartment,2,1,1117,13,943378,1216579,33,"['metro', 'sea_view', 'security', 'mall', 'balcony']",2025-02-18,2026-08-05T22:00:04.627098,0.85
PROP-668373,Dubai Marina,Apartment,1,2,598,15,582176,708094,23,"['mall', 'balcony', 'metro', 'pool', 'sea_view', 'gym']",2025-07-03,2026-08-05T22:00:04.627119,0.85
PROP-320073,Dubai Marina,Penthouse,5,5,2442,42,2565282,3049702,10,"['balcony', 'parking', 'pool', 'security', 'sea_view']",2025-11-26,2026-08-05T22:00:04.627138,0.85
PROP-725850,Bluewaters,Townhouse,3,5,1347,1,1944823,2812694,36,"['sea_view', 'balcony']",2025-09-16,2026-08-05T22:00:04.627155,0.85
PROP-162165,Arabian Ranches,Villa,5,6,2513,1,1367479,2908558,49,"['parking', 'metro']",2025-04-22,2026-08-05T22:00:04.627172,0.85
PROP-573947,Palm Jumeirah,Villa,4,4,1812,1,3037830,4227453,34,"['mall', 'gym', 'balcony', 'parking', 'security']",2025-06-13,2026-08-05T22:00:04.627196,0.85
PROP-991401,Dubai Marina,Apartment,2,3,1342,30,1505846,1695811,9,"['mall', 'sea_view']",2025-07-26,2026-08-05T22:00:04.627214,0.85
PROP-756596,Dubai Marina,Penthouse,3,5,1565,18,1402602,1943411,26,"['parking', 'balcony', 'security', 'mall', 'pool', 'sea_view']",2026-03-31,2026-08-05T22:00:04.627234,0.85
PROP-786385,JLT,Apartment,1,1,795,1,713553,738030,39,"['balcony', 'gym', 'parking']",2026-03-24,2026-08-05T22:00:04.627253,0.85
PROP-101139,Palm Jumeirah,Townhouse,1,2,704,1,786569,1575497,36,"['metro', 'sea_view', 'pool']",2026-03-25,2026-08-05T22:00:04.627271,0.85
PROP-174268,Downtown Dubai,Penthouse,3,3,1718,34,2210020,2414772,26,"['gym', 'metro', 'security', 'mall']",2025-03-08,2026-08-05T22:00:04.627289,0.85
PROP-739966,Downtown Dubai,Penthouse,3,2,1388,24,1919430,2057401,28,"['parking', 'pool', 'balcony']",2026-06-30,2026-08-05T22:00:04.627308,0.85
PROP-718213,Bluewaters,Villa,6,7,3413,1,4638824,5770783,24,"['mall', 'metro', 'gym', 'pool', 'balcony', 'security']",2026-03-08,2026-08-05T22:00:04.627327,0.85
PROP-736408,Bluewaters,Penthouse,4,6,1891,16,2211642,3121188,28,"['balcony', 'metro', 'sea_view', 'pool', 'parking', 'mall']",2025-01-24,2026-08-05T22:00:04.627346,0.85
PROP-112653,Arabian Ranches,Villa,6,7,3217,1,2149317,3661375,28,"['metro', 'pool', 'gym', 'security', 'mall']",2025-01-14,2026-08-05T22:00:04.627366,0.85
PROP-326222,Palm Jumeirah,Townhouse,1,3,810,1,1087908,1845228,37,"['gym', 'pool', 'balcony', 'metro', 'sea_view']",2025-10-04,2026-08-05T22:00:04.627384,0.85
PROP-947312,Dubai Marina,Apartment,2,3,1376,27,1283102,1790366,29,"['parking', 'mall', 'pool', 'metro', 'sea_view', 'balcony']",2025-12-11,2026-08-05T22:00:04.627404,0.85
PROP-742039,Downtown Dubai,Townhouse,2,1,1181,1,1547558,2253207,5,"['gym', 'security', 'pool']",2025-04-23,2026-08-05T22:00:04.627421,0.85
PROP-868538,Arabian Ranches,Apartment,2,2,866,9,561479,821963,51,"['balcony', 'gym', 'parking', 'metro']",2025-09-13,2026-08-05T22:00:04.627440,0.85
PROP-477617,Dubai Marina,Apartment,2,4,1206,5,1054842,1914555,29,"['mall', 'security']",2025-01-30,2026-08-05T22:00:04.627458,0.85
PROP-102693,Dubai Marina,Penthouse,5,5,2400,17,2540156,3713122,30,"['security', 'sea_view']",2025-01-31,2026-08-05T22:00:04.627475,0.85
PROP-360322,Dubai Marina,Apartment,1,1,756,25,840128,899247,39,"['metro', 'gym']",2025-08-02,2026-08-05T22:00:04.627495,0.85
PROP-520400,JLT,Townhouse,2,1,1282,1,815121,1284561,18,"['security', 'metro', 'balcony']",2026-06-01,2026-08-05T22:00:04.627512,0.85
PROP-910143,Dubai Marina,Penthouse,4,5,1876,36,1771748,2409646,18,"['balcony', 'sea_view', 'mall', 'gym', 'security', 'metro']",2025-02-28,2026-08-05T22:00:04.627531,0.85
PROP-990247,Downtown Dubai,Villa,4,3,1928,1,2066505,3099942,30,"['sea_view', 'pool']",2025-06-16,2026-08-05T22:00:04.627548,0.85
PROP-834891,Bluewaters,Townhouse,1,1,706,1,880170,1536757,15,"['gym', 'pool', 'mall', 'balcony']",2025-05-25,2026-08-05T22:00:04.627566,0.85
PROP-992247,Palm Jumeirah,Penthouse,5,4,2638,33,3102630,6262543,15,"['pool', 'security', 'sea_view', 'gym', 'balcony', 'metro']",2025-10-27,2026-08-05T22:00:04.627586,0.85
PROP-526259,Palm Jumeirah,Penthouse,5,6,2486,18,3103025,6116773,17,"['gym', 'mall', 'pool', 'metro', 'security', 'balcony']",2025-09-01,2026-08-05T22:00:04.627606,0.85
PROP-845702,Dubai Marina,Townhouse,1,3,765,1,669683,887366,14,"['pool', 'gym', 'parking', 'metro']",2026-04-20,2026-08-05T22:00:04.627624,0.85
PROP-584487,Downtown Dubai,Townhouse,2,1,1299,1,1409259,2590733,4,"['mall', 'balcony', 'sea_view', 'metro', 'gym']",2026-04-27,2026-08-05T22:00:04.627642,0.85
PROP-122859,Dubai Marina,Villa,3,2,1308,1,1081791,1977482,20,"['balcony', 'metro']",2026-05-01,2026-08-05T22:00:04.627663,0.85
PROP-620226,Dubai Marina,Villa,6,6,2507,1,2066043,3938848,10,"['metro', 'mall', 'sea_view']",2025-06-17,2026-08-05T22:00:04.627685,0.85
PROP-778720,Dubai Marina,Penthouse,5,7,2251,14,2491833,2785591,23,"['pool', 'balcony', 'metro']",2025-11-04,2026-08-05T22:00:04.627703,0.85
PROP-602985,Palm Jumeirah,Penthouse,4,6,1604,18,2174656,3357916,33,"['security', 'sea_view', 'balcony', 'pool', 'mall', 'parking']",2025-07-01,2026-08-05T22:00:04.627722,0.85
PROP-904092,Arabian Ranches,Penthouse,4,5,2034,12,989042,2194960,21,"['pool', 'metro', 'security', 'balcony']",2025-07-14,2026-08-05T22:00:04.627740,0.85
PROP-472039,Arabian Ranches,Villa,4,3,1875,1,1019937,2146660,50,"['security', 'balcony']",2025-05-15,2026-08-05T22:00:04.627761,0.85
PROP-284084,Downtown Dubai,Villa,4,5,2435,1,3405859,3450209,26,"['parking', 'balcony', 'gym', 'security']",2025-08-28,2026-08-05T22:00:04.627780,0.85
PROP-122977,JLT,Apartment,1,1,621,2,470677,496927,46,"['security', 'metro', 'gym', 'parking', 'sea_view', 'mall']",2026-04-21,2026-08-05T22:00:04.627799,0.85
PROP-243079,Downtown Dubai,Villa,3,4,1395,1,1810958,2507210,22,"['sea_view', 'parking']",2025-08-18,2026-08-05T22:00:04.627815,0.85
PROP-869649,Downtown Dubai,Penthouse,5,7,2842,12,3693030,4937083,32,"['sea_view', 'gym', 'mall', 'balcony', 'metro', 'security']",2025-08-24,2026-08-05T22:00:04.627834,0.85
PROP-620287,Bluewaters,Townhouse,1,1,636,1,974571,1379623,23,"['pool', 'gym', 'balcony', 'parking', 'metro', 'sea_view']",2026-03-29,2026-08-05T22:00:04.627861,0.85
PROP-378095,Downtown Dubai,Townhouse,3,2,1507,1,2157334,2261603,32,"['sea_view', 'security']",2026-06-23,2026-08-05T22:00:04.627881,0.85
PROP-206355,Downtown Dubai,Villa,3,4,1400,1,1828117,2000443,18,"['parking', 'security', 'metro', 'sea_view', 'mall']",2025-06-29,2026-08-05T22:00:04.627899,0.85
PROP-493696,JLT,Villa,4,6,1589,1,1093982,1423132,47,"['gym', 'parking']",2025-12-27,2026-08-05T22:00:04.627917,0.85
PROP-529161,Downtown Dubai,Apartment,3,2,1655,2,1931443,2966059,23,"['parking', 'pool', 'metro', 'mall', 'gym']",2025-12-31,2026-08-05T22:00:04.627935,0.85
PROP-408857,Bluewaters,Townhouse,3,4,1499,1,1606620,2751776,28,"['parking', 'pool', 'mall', 'metro', 'security']",2026-04-10,2026-08-05T22:00:04.627953,0.85
PROP-593821,Bluewaters,Penthouse,3,2,1273,11,1737165,2783076,26,"['balcony', 'metro']",2025-05-29,2026-08-05T22:00:04.627970,0.85
PROP-376195,JLT,Townhouse,1,3,686,1,593834,624822,31,"['balcony', 'security']",2025-03-16,2026-08-05T22:00:04.627987,0.85
PROP-700534,Downtown Dubai,Townhouse,3,2,1313,1,1314496,2109038,21,"['security', 'balcony', 'pool', 'mall', 'metro']",2025-03-16,2026-08-05T22:00:04.628005,0.85
PROP-232315,Downtown Dubai,Penthouse,4,3,1921,33,2370870,3285083,22,"['parking', 'pool', 'security', 'gym', 'balcony', 'metro']",2025-12-29,2026-08-05T22:00:04.628024,0.85
PROP-678870,Dubai Marina,Penthouse,3,5,1378,39,1202772,2143344,38,"['gym', 'security']",2025-05-18,2026-08-05T22:00:04.628043,0.85
PROP-210766,Palm Jumeirah,Townhouse,3,5,1459,1,2124660,3054731,26,"['parking', 'balcony', 'metro']",2026-03-30,2026-08-05T22:00:04.628063,0.85
PROP-250840,Arabian Ranches,Apartment,2,3,1145,25,729535,1226989,36,"['parking', 'mall']",2025-05-14,2026-08-05T22:00:04.628081,0.85
PROP-983788,Arabian Ranches,Penthouse,3,5,1523,4,1003626,1791429,49,"['pool', 'parking', 'metro', 'sea_view']",2025-09-03,2026-08-05T22:00:04.628099,0.85
PROP-963994,JLT,Apartment,1,1,752,21,511981,695623,37,"['security', 'mall']",2025-11-25,2026-08-05T22:00:04.628117,0.85
PROP-977633,JLT,Penthouse,5,6,2183,11,1352772,2211096,29,"['pool', 'gym', 'metro']",2025-12-14,2026-08-05T22:00:04.628134,0.85
PROP-612530,Dubai Marina,Villa,3,5,1370,1,1416125,1694674,35,"['metro', 'sea_view', 'pool', 'mall', 'gym']",2025-06-15,2026-08-05T22:00:04.628152,0.85
PROP-152062,Arabian Ranches,Penthouse,3,5,1882,23,1058850,2166739,29,"['balcony', 'pool']",2025-06-07,2026-08-05T22:00:04.628169,0.85
PROP-730343,Downtown Dubai,Villa,4,4,2297,1,2501800,3780182,4,"['mall', 'gym']",2026-02-05,2026-08-05T22:00:04.628191,0.85
PROP-107704,Dubai Marina,Villa,5,6,2900,1,2704454,3735889,20,"['balcony', 'gym', 'security', 'parking', 'sea_view']",2026-04-03,2026-08-05T22:00:04.628210,0.85
PROP-257212,Arabian Ranches,Townhouse,3,4,1433,1,853519,1434268,29,"['balcony', 'parking', 'sea_view', 'metro']",2025-12-27,2026-08-05T22:00:04.628228,0.85
PROP-711344,Arabian Ranches,Villa,3,5,1820,1,1170954,2031820,41,"['balcony', 'parking', 'security', 'sea_view', 'mall']",2026-05-20,2026-08-05T22:00:04.628248,0.85
PROP-408054,Bluewaters,Villa,5,5,2998,1,4091338,5652552,41,"['balcony', 'metro', 'gym', 'mall']",2025-12-22,2026-08-05T22:00:04.628266,0.85
PROP-880360,Dubai Marina,Penthouse,3,4,1991,12,2231696,3085642,29,"['security', 'parking']",2025-11-21,2026-08-05T22:00:04.628284,0.85
PROP-655575,Palm Jumeirah,Penthouse,4,5,2063,19,2916891,3883488,14,"['gym', 'security', 'mall', 'balcony', 'pool', 'parking']",2025-06-27,2026-08-05T22:00:04.628305,0.85
PROP-448787,Palm Jumeirah,Penthouse,3,3,1357,22,1865356,2983476,42,"['parking', 'mall', 'sea_view', 'gym', 'pool']",2025-02-10,2026-08-05T22:00:04.628326,0.85
PROP-522988,Bluewaters,Villa,5,4,2086,1,2435832,4290309,16,"['parking', 'security', 'pool', 'gym', 'metro', 'mall']",2025-05-07,2026-08-05T22:00:04.628345,0.85
PROP-337256,JLT,Penthouse,4,3,1809,13,1481928,1962802,45,"['security', 'pool', 'sea_view', 'metro']",2025-10-10,2026-08-05T22:00:04.628364,0.85
PROP-863187,Bluewaters,Townhouse,2,2,1048,1,1353808,1869285,13,"['balcony', 'parking']",2025-04-13,2026-08-05T22:00:04.628380,0.85
PROP-718337,Arabian Ranches,Townhouse,2,2,1224,1,693053,1170790,51,"['pool', 'gym', 'metro', 'sea_view', 'balcony']",2026-05-24,2026-08-05T22:00:04.628399,0.85
PROP-537020,Arabian Ranches,Villa,3,4,1715,1,977629,1872945,45,"['pool', 'balcony', 'mall', 'sea_view', 'metro', 'security']",2026-02-23,2026-08-05T22:00:04.628419,0.85
PROP-971002,JLT,Penthouse,3,4,1591,14,1286415,1573647,26,"['gym', 'sea_view', 'balcony', 'parking', 'mall']",2025-05-08,2026-08-05T22:00:04.628438,0.85
PROP-674765,Dubai Marina,Apartment,2,1,1254,32,1067797,1504642,17,"['security', 'parking', 'sea_view', 'mall', 'metro', 'pool']",2026-06-09,2026-08-05T22:00:04.628460,0.85
PROP-368322,JLT,Villa,6,7,2561,1,1546395,2117180,20,"['mall', 'gym', 'pool', 'balcony', 'sea_view', 'parking']",2026-04-04,2026-08-05T22:00:04.628479,0.85
PROP-546688,Bluewaters,Villa,6,7,2839,1,2972555,5927568,38,"['balcony', 'parking']",2025-08-12,2026-08-05T22:00:04.628497,0.85
PROP-219361,Bluewaters,Apartment,1,1,522,43,714872,938136,39,"['balcony', 'sea_view', 'pool', 'parking', 'mall']",2025-12-22,2026-08-05T22:00:04.628516,0.85
PROP-536236,JLT,Penthouse,4,5,2136,27,1697380,2219459,20,"['pool', 'metro', 'gym']",2026-04-01,2026-08-05T22:00:04.628534,0.85
PROP-562094,Arabian Ranches,Penthouse,5,7,2274,23,1425174,2635049,49,"['mall', 'security', 'pool']",2025-04-22,2026-08-05T22:00:04.628552,0.85
PROP-462544,Dubai Marina,Apartment,2,3,1074,37,1117559,1301679,39,"['gym', 'security', 'sea_view', 'mall']",2025-02-19,2026-08-05T22:00:04.628571,0.85
PROP-352593,Bluewaters,Penthouse,3,2,1236,33,1827273,2609347,38,"['gym', 'metro', 'security']",2025-08-04,2026-08-05T22:00:04.628590,0.85
PROP-621533,Palm Jumeirah,Townhouse,1,1,783,1,1072991,1538203,27,"['mall', 'pool', 'security', 'sea_view', 'parking']",2026-03-10,2026-08-05T22:00:04.628610,0.85
PROP-965401,Bluewaters,Apartment,1,3,573,36,754362,1200747,36,"['balcony', 'mall', 'metro', 'gym', 'security', 'sea_view']",2025-06-23,2026-08-05T22:00:04.628630,0.85
PROP-102303,Dubai Marina,Villa,6,7,3300,1,3425389,4229436,23,"['gym', 'metro']",2025-11-28,2026-08-05T22:00:04.628648,0.85
PROP-212157,Palm Jumeirah,Townhouse,3,4,1837,1,2478482,3443319,41,"['mall', 'gym', 'sea_view']",2025-05-02,2026-08-05T22:00:04.628665,0.85
PROP-909652,Palm Jumeirah,Villa,4,3,2010,1,2832236,4717458,35,"['gym', 'metro', 'security', 'pool']",2026-02-25,2026-08-05T22:00:04.628682,0.85
PROP-208584,JLT,Penthouse,5,5,2487,34,2041489,2402362,30,"['mall', 'balcony', 'gym', 'metro', 'sea_view', 'parking']",2026-02-25,2026-08-05T22:00:04.628702,0.85
PROP-846454,JLT,Townhouse,3,5,1598,1,1089961,1740346,26,"['parking', 'gym', 'security', 'balcony', 'mall']",2025-08-23,2026-08-05T22:00:04.628720,0.85
PROP-689593,Bluewaters,Villa,4,4,2284,1,3176518,4916801,15,"['sea_view', 'mall', 'pool']",2025-07-26,2026-08-05T22:00:04.628738,0.85
PROP-400538,JLT,Penthouse,5,6,2396,34,1514130,2190569,18,"['security', 'parking']",2026-02-04,2026-08-05T22:00:04.628768,0.85
PROP-349136,Bluewaters,Townhouse,1,1,777,1,878134,1495494,22,"['gym', 'balcony', 'sea_view', 'metro', 'mall']",2025-06-11,2026-08-05T22:00:04.628787,0.85
PROP-750706,Arabian Ranches,Townhouse,3,2,1639,1,950580,1862614,42,"['pool', 'mall', 'sea_view', 'parking']",2025-11-29,2026-08-05T22:00:04.628804,0.85
PROP-225151,JLT,Villa,5,5,2939,1,2022776,2507636,38,"['parking', 'gym']",2025-01-18,2026-08-05T22:00:04.628824,0.85
PROP-438302,JLT,Apartment,2,3,1219,9,790251,1284587,17,"['mall', 'sea_view', 'gym', 'pool']",2026-02-12,2026-08-05T22:00:04.628842,0.85
PROP-196411,Arabian Ranches,Apartment,3,4,1818,36,1028879,2063810,31,"['security', 'gym', 'balcony', 'pool', 'metro', 'mall']",2025-05-18,2026-08-05T22:00:04.628876,0.85
PROP-567315,Palm Jumeirah,Villa,4,5,2020,1,2608574,4979735,32,"['mall', 'balcony', 'sea_view', 'pool', 'metro', 'parking']",2025-07-15,2026-08-05T22:00:04.628905,0.85
PROP-567200,Downtown Dubai,Villa,3,4,1499,1,1716685,2584489,13,"['sea_view', 'balcony']",2025-02-18,2026-08-05T22:00:04.628924,0.85
PROP-976258,JLT,Apartment,2,2,1227,6,1085236,1043218,47,"['pool', 'sea_view', 'mall', 'gym', 'balcony', 'parking']",2025-04-11,2026-08-05T22:00:04.628946,0.85
PROP-932794,Dubai Marina,Villa,6,5,3424,1,2699998,4993678,10,"['gym', 'pool']",2026-01-25,2026-08-05T22:00:04.628964,0.85
PROP-660814,Palm Jumeirah,Apartment,3,3,1556,25,2185885,3241324,23,"['metro', 'sea_view']",2026-03-14,2026-08-05T22:00:04.628982,0.85
PROP-962057,Dubai Marina,Apartment,3,2,1724,23,1920703,1987888,34,"['gym', 'parking', 'security', 'sea_view']",2025-05-24,2026-08-05T22:00:04.629001,0.85
PROP-229221,Bluewaters,Apartment,2,2,1184,9,1685124,2460425,38,"['balcony', 'sea_view', 'gym', 'parking', 'mall', 'pool']",2026-02-04,2026-08-05T22:00:04.629021,0.85
PROP-268772,Dubai Marina,Apartment,3,5,1841,6,1637917,2713907,37,"['security', 'mall', 'sea_view', 'balcony']",2026-02-04,2026-08-05T22:00:04.629041,0.85
PROP-362865,Downtown Dubai,Villa,5,5,2087,1,2675678,3632163,5,"['mall', 'sea_view', 'balcony', 'pool', 'parking', 'security']",2026-05-24,2026-08-05T22:00:04.629060,0.85
PROP-827143,Dubai Marina,Villa,6,7,2811,1,2871904,3421735,18,"['gym', 'mall', 'parking', 'security', 'balcony', 'metro']",2025-09-08,2026-08-05T22:00:04.629078,0.85
PROP-585331,Arabian Ranches,Villa,5,6,2481,1,1193757,2416128,28,"['balcony', 'metro', 'parking', 'gym', 'sea_view']",2025-03-04,2026-08-05T22:00:04.629100,0.85
PROP-862760,JLT,Townhouse,2,4,1137,1,742155,1116520,43,"['parking', 'balcony', 'gym', 'mall']",2026-04-06,2026-08-05T22:00:04.629118,0.85
PROP-334153,Dubai Marina,Apartment,3,2,1890,26,1997563,2280058,10,"['balcony', 'mall', 'metro', 'security', 'gym', 'sea_view']",2025-06-20,2026-08-05T22:00:04.629137,0.85
PROP-567896,Arabian Ranches,Townhouse,1,3,839,1,420953,846684,21,"['parking', 'metro', 'balcony']",2026-02-22,2026-08-05T22:00:04.629155,0.85
PROP-929906,Downtown Dubai,Villa,4,6,1884,1,2006522,3188830,6,"['sea_view', 'gym', 'pool', 'metro']",2025-02-15,2026-08-05T22:00:04.629173,0.85
PROP-494956,Palm Jumeirah,Penthouse,4,6,1564,42,2054049,3585650,29,"['balcony', 'mall', 'metro', 'sea_view']",2026-01-10,2026-08-05T22:00:04.629197,0.85
PROP-626214,Bluewaters,Penthouse,4,3,2156,25,3331546,3737942,23,"['sea_view', 'security', 'metro', 'balcony']",2026-07-07,2026-08-05T22:00:04.629215,0.85
PROP-855242,Downtown Dubai,Penthouse,3,3,1470,42,1609339,2190512,9,"['gym', 'sea_view', 'mall', 'security']",2025-08-23,2026-08-05T22:00:04.629237,0.85
PROP-241268,Dubai Marina,Penthouse,5,7,2567,38,2151270,3893323,9,"['pool', 'gym', 'balcony']",2026-02-13,2026-08-05T22:00:04.629254,0.85
PROP-735988,Bluewaters,Apartment,3,3,1277,17,1938640,2439050,23,"['pool', 'sea_view', 'metro', 'parking', 'mall', 'security']",2025-04-10,2026-08-05T22:00:04.629273,0.85
PROP-340977,JLT,Penthouse,3,3,1538,38,1301357,1314321,38,"['balcony', 'gym', 'sea_view', 'parking', 'security', 'mall']",2026-04-19,2026-08-05T22:00:04.629294,0.85
PROP-921945,JLT,Penthouse,3,2,1265,34,1085215,1203404,30,"['gym', 'mall', 'security']",2026-05-28,2026-08-05T22:00:04.629312,0.85
PROP-941272,Arabian Ranches,Apartment,1,3,684,39,416849,615846,51,"['metro', 'parking', 'pool', 'balcony', 'security']",2025-10-24,2026-08-05T22:00:04.629330,0.85
PROP-370328,JLT,Penthouse,4,3,2000,17,1486284,1739507,44,"['balcony', 'mall']",2025-04-30,2026-08-05T22:00:04.629348,0.85
PROP-783226,Downtown Dubai,Apartment,3,2,1858,8,2247224,3019283,10,"['metro', 'parking', 'pool', 'gym']",2025-05-16,2026-08-05T22:00:04.629365,0.85
PROP-287401,Arabian Ranches,Townhouse,2,4,1275,1,799235,1526862,33,"['metro', 'balcony', 'mall']",2025-02-24,2026-08-05T22:00:04.629383,0.85
PROP-205149,Palm Jumeirah,Penthouse,4,5,2264,26,3644504,5430202,34,"['security', 'mall']",2026-01-18,2026-08-05T22:00:04.629400,0.85
PROP-183927,Downtown Dubai,Penthouse,4,3,1863,41,1793211,2710018,8,"['metro', 'pool', 'mall', 'parking', 'gym']",2025-07-14,2026-08-05T22:00:04.629420,0.85
PROP-991884,Arabian Ranches,Apartment,3,5,1722,19,1120652,1858454,51,"['mall', 'security', 'pool']",2025-11-21,2026-08-05T22:00:04.629438,0.85
PROP-265092,Bluewaters,Townhouse,1,1,911,1,1182969,1584231,16,"['sea_view', 'gym']",2026-07-20,2026-08-05T22:00:04.629455,0.85
PROP-861411,Dubai Marina,Townhouse,2,3,1344,1,1244493,1613008,9,"['gym', 'balcony']",2025-10-09,2026-08-05T22:00:04.629482,0.85
PROP-627611,Arabian Ranches,Townhouse,2,3,1013,1,596801,1034462,21,"['parking', 'security', 'balcony', 'pool']",2026-05-02,2026-08-05T22:00:04.629511,0.85
PROP-715332,Palm Jumeirah,Townhouse,1,2,881,1,1110149,1858855,25,"['mall', 'metro', 'gym', 'parking', 'security', 'balcony']",2025-03-27,2026-08-05T22:00:04.629541,0.85
PROP-661671,Dubai Marina,Penthouse,3,4,1396,41,1485226,1689426,31,"['sea_view', 'security', 'parking']",2025-01-23,2026-08-05T22:00:04.629571,0.85
PROP-291663,Dubai Marina,Townhouse,1,2,677,1,692253,1022633,11,"['parking', 'security', 'mall', 'sea_view', 'gym', 'balcony']",2025-10-23,2026-08-05T22:00:04.629604,0.85
PROP-182300,Bluewaters,Villa,6,6,2683,1,4001106,4625672,17,"['sea_view', 'gym', 'pool']",2026-03-19,2026-08-05T22:00:04.629634,0.85
PROP-332881,Bluewaters,Penthouse,5,4,3102,3,4584525,5654070,21,"['balcony', 'security', 'gym', 'mall', 'parking']",2025-06-03,2026-08-05T22:00:04.629665,0.85
PROP-582418,Arabian Ranches,Villa,3,5,1792,1,874164,1799502,48,"['mall', 'pool', 'sea_view']",2025-01-04,2026-08-05T22:00:04.629699,0.85
PROP-742865,Palm Jumeirah,Apartment,1,1,844,7,1109281,1881229,21,"['balcony', 'gym', 'parking']",2025-03-20,2026-08-05T22:00:04.629734,0.85
PROP-953740,Palm Jumeirah,Townhouse,1,3,665,1,918861,1547147,24,"['balcony', 'security', 'gym', 'mall', 'sea_view']",2025-11-20,2026-08-05T22:00:04.629775,0.85
PROP-659921,Dubai Marina,Townhouse,1,3,647,1,538629,1021984,13,"['pool', 'gym', 'security', 'sea_view', 'metro']",2025-02-09,2026-08-05T22:00:04.629802,0.85
PROP-979725,Bluewaters,Townhouse,2,3,1215,1,1802563,1978780,14,"['pool', 'gym', 'parking']",2025-03-22,2026-08-05T22:00:04.629822,0.85
PROP-704875,Bluewaters,Apartment,2,3,1116,24,1476009,2409563,19,"['pool', 'security', 'mall', 'parking']",2025-12-26,2026-08-05T22:00:04.629841,0.85
PROP-586279,Arabian Ranches,Villa,5,6,2526,1,1508018,2831539,49,"['metro', 'balcony']",2025-08-28,2026-08-05T22:00:04.629869,0.85
PROP-784733,Bluewaters,Villa,4,5,2220,1,2749641,4760221,13,"['sea_view', 'gym', 'parking']",2025-09-02,2026-08-05T22:00:04.629887,0.85
PROP-794180,Palm Jumeirah,Townhouse,3,5,1584,1,2601405,3892107,36,"['mall', 'security', 'gym', 'sea_view', 'pool', 'metro']",2025-11-02,2026-08-05T22:00:04.629907,0.85
PROP-649435,Palm Jumeirah,Apartment,1,1,603,7,678936,1456295,30,"['pool', 'metro']",2025-05-26,2026-08-05T22:00:04.629925,0.85
PROP-136862,Dubai Marina,Apartment,2,2,1041,20,897933,1529017,23,"['parking', 'balcony', 'gym']",2026-06-14,2026-08-05T22:00:04.629945,0.85
PROP-464032,Bluewaters,Townhouse,2,4,1314,1,2003617,2534873,15,"['parking', 'balcony', 'metro', 'security', 'sea_view', 'mall']",2025-09-07,2026-08-05T22:00:04.629965,0.85
PROP-591989,JLT,Villa,3,5,1571,1,1136871,1330189,17,"['parking', 'mall']",2025-09-29,2026-08-05T22:00:04.629982,0.85
PROP-687783,Arabian Ranches,Apartment,3,5,1973,20,951364,2030474,30,"['security', 'metro', 'pool', 'balcony', 'parking', 'sea_view']",2025-05-11,2026-08-05T22:00:04.630001,0.85
PROP-532961,JLT,Penthouse,3,3,1898,25,1264405,1563502,37,"['balcony', 'parking', 'sea_view']",2025-09-27,2026-08-05T22:00:04.630020,0.85
PROP-294969,Downtown Dubai,Apartment,1,1,580,41,683567,969562,26,"['mall', 'gym', 'parking', 'pool', 'metro', 'balcony']",2026-06-18,2026-08-05T22:00:04.630041,0.85
PROP-540656,Dubai Marina,Townhouse,2,2,1390,1,1448044,1690803,13,"['mall', 'gym']",2025-08-07,2026-08-05T22:00:04.630058,0.85
PROP-174852,Palm Jumeirah,Penthouse,4,6,2228,22,2534930,5180988,17,"['balcony', 'metro']",2025-06-13,2026-08-05T22:00:04.630075,0.85
PROP-871041,Arabian Ranches,Penthouse,3,3,1537,1,782749,1737491,28,"['mall', 'gym', 'sea_view', 'pool', 'metro']",2025-03-24,2026-08-05T22:00:04.630093,0.85
PROP-769536,Dubai Marina,Villa,6,8,3403,1,3801278,4013177,32,"['gym', 'parking']",2025-02-27,2026-08-05T22:00:04.630110,0.85
PROP-515035,Palm Jumeirah,Villa,5,4,2811,1,5005708,5524109,26,"['pool', 'gym', 'parking', 'balcony']",2026-03-10,2026-08-05T22:00:04.630129,0.85
PROP-162678,Downtown Dubai,Apartment,1,3,705,24,937637,1092209,19,"['sea_view', 'metro']",2026-05-17,2026-08-05T22:00:04.630148,0.85
PROP-475565,Palm Jumeirah,Villa,3,3,1641,1,2146514,3595177,33,"['mall', 'sea_view', 'gym', 'pool']",2025-06-12,2026-08-05T22:00:04.630167,0.85
PROP-867979,Bluewaters,Villa,5,4,2694,1,3561126,5187675,26,"['parking', 'balcony', 'mall']",2025-08-13,2026-08-05T22:00:04.630191,0.85
PROP-119629,JLT,Townhouse,3,3,1472,1,951659,1308169,25,"['sea_view', 'security', 'pool', 'balcony', 'metro', 'parking']",2026-01-03,2026-08-05T22:00:04.630210,0.85
PROP-742818,Arabian Ranches,Townhouse,3,3,1428,1,911048,1516088,33,"['mall', 'metro', 'balcony']",2026-01-27,2026-08-05T22:00:04.630228,0.85
PROP-212255,Palm Jumeirah,Townhouse,2,3,905,1,1318317,1671241,39,"['parking', 'metro', 'pool']",2025-12-03,2026-08-05T22:00:04.630245,0.85
PROP-787603,JLT,Villa,3,2,1786,1,1424114,1710535,39,"['balcony', 'pool', 'parking', 'gym', 'metro', 'security']",2025-11-26,2026-08-05T22:00:04.630264,0.85
PROP-644719,JLT,Apartment,2,1,1269,27,1074345,1317570,18,"['balcony', 'mall', 'pool', 'sea_view', 'parking', 'metro']",2025-12-09,2026-08-05T22:00:04.630283,0.85
PROP-807256,Dubai Marina,Apartment,3,3,1755,13,1490912,2506909,27,"['metro', 'sea_view', 'pool']",2025-07-08,2026-08-05T22:00:04.630302,0.85
PROP-901305,JLT,Penthouse,3,3,1569,26,1178958,1564700,34,"['mall', 'parking', 'metro', 'balcony', 'sea_view', 'gym']",2025-05-06,2026-08-05T22:00:04.630324,0.85
PROP-861594,Bluewaters,Penthouse,5,6,2748,37,3612625,5015203,28,"['sea_view', 'security', 'metro', 'mall']",2026-07-08,2026-08-05T22:00:04.630342,0.85
PROP-909000,Dubai Marina,Townhouse,3,2,1615,1,1837269,2020237,18,"['security', 'metro', 'parking']",2026-06-26,2026-08-05T22:00:04.630361,0.85
PROP-698199,Bluewaters,Townhouse,3,3,1241,1,1574332,2101837,19,"['security', 'gym', 'parking', 'sea_view']",2026-04-14,2026-08-05T22:00:04.630379,0.85
PROP-182289,JLT,Villa,3,4,1607,1,1199598,1719019,39,"['gym', 'balcony', 'sea_view', 'parking', 'pool', 'metro']",2025-06-02,2026-08-05T22:00:04.630398,0.85
PROP-143182,Dubai Marina,Townhouse,2,4,1073,1,1172921,1301934,29,"['pool', 'sea_view', 'metro', 'security', 'mall', 'gym']",2025-01-17,2026-08-05T22:00:04.630417,0.85
PROP-452497,Palm Jumeirah,Villa,5,5,2070,1,3239585,5171185,27,"['gym', 'mall', 'security', 'parking', 'sea_view', 'pool']",2026-02-24,2026-08-05T22:00:04.630436,0.85
PROP-611559,Dubai Marina,Penthouse,5,4,2754,17,2232470,3720410,33,"['parking', 'security', 'balcony']",2025-12-13,2026-08-05T22:00:04.630457,0.85
PROP-299742,JLT,Villa,4,4,1708,1,1422817,1532116,46,"['gym', 'pool', 'sea_view', 'security', 'balcony', 'mall']",2025-06-29,2026-08-05T22:00:04.630476,0.85
PROP-263568,Palm Jumeirah,Townhouse,3,2,1897,1,2279935,3878988,39,"['parking', 'security', 'pool', 'gym', 'balcony']",2025-06-10,2026-08-05T22:00:04.630494,0.85
PROP-875959,Bluewaters,Apartment,1,1,587,19,603093,1183554,14,"['mall', 'security', 'pool', 'parking']",2025-12-20,2026-08-05T22:00:04.630514,0.85
PROP-145594,Arabian Ranches,Villa,4,5,2307,1,1452325,2763072,43,"['metro', 'balcony']",2024-12-31,2026-08-05T22:00:04.630531,0.85
PROP-795186,Palm Jumeirah,Villa,3,4,1441,1,1611357,3254254,13,"['metro', 'sea_view']",2025-10-19,2026-08-05T22:00:04.630548,0.85
PROP-295472,Bluewaters,Townhouse,1,1,721,1,825423,1318291,33,"['sea_view', 'security']",2026-04-04,2026-08-05T22:00:04.630565,0.85
PROP-472640,Downtown Dubai,Penthouse,5,4,2026,34,2241495,3431962,27,"['pool', 'parking', 'sea_view']",2025-07-14,2026-08-05T22:00:04.630583,0.85
PROP-458388,Bluewaters,Townhouse,1,2,596,1,890713,1272007,37,"['balcony', 'gym']",2026-01-25,2026-08-05T22:00:04.630600,0.85
PROP-784167,JLT,Villa,3,5,1665,1,1207458,1618162,30,"['sea_view', 'security', 'balcony', 'gym']",2025-12-07,2026-08-05T22:00:04.630618,0.85
PROP-293079,Downtown Dubai,Villa,4,5,2472,1,3452370,4098671,33,"['parking', 'mall', 'pool']",2026-03-04,2026-08-05T22:00:04.630635,0.85
PROP-293720,Palm Jumeirah,Villa,3,4,1675,1,2174837,3889227,39,"['parking', 'metro', 'gym', 'pool']",2026-02-13,2026-08-05T22:00:04.630653,0.85
PROP-993522,Dubai Marina,Townhouse,3,3,1724,1,1488033,1918884,11,"['parking', 'balcony', 'metro', 'security', 'mall']",2026-01-18,2026-08-05T22:00:04.630671,0.85
PROP-169348,JLT,Penthouse,4,4,1762,15,1074236,1813735,17,"['metro', 'gym', 'sea_view', 'mall']",2025-12-22,2026-08-05T22:00:04.630692,0.85
PROP-513296,Downtown Dubai,Penthouse,5,7,2896,30,4013976,4797320,28,"['metro', 'sea_view']",2025-08-22,2026-08-05T22:00:04.630710,0.85
PROP-405323,Arabian Ranches,Apartment,3,2,1728,3,1193472,1682582,38,"['pool', 'balcony', 'security', 'metro', 'mall']",2025-12-16,2026-08-05T22:00:04.630739,0.85
PROP-218669,JLT,Penthouse,4,5,2057,28,1415886,2212735,39,"['parking', 'security', 'sea_view', 'metro', 'pool', 'mall']",2025-01-31,2026-08-05T22:00:04.630773,0.85
PROP-825318,Downtown Dubai,Villa,6,8,2922,1,2840060,4886193,32,"['mall', 'pool', 'parking']",2025-08-07,2026-08-05T22:00:04.630803,0.85
PROP-451475,Bluewaters,Villa,3,2,1467,1,1998639,2422286,33,"['parking', 'security', 'balcony', 'metro', 'pool']",2026-01-10,2026-08-05T22:00:04.630824,0.85
PROP-103704,Arabian Ranches,Villa,4,4,1706,1,990673,1693811,45,"['balcony', 'sea_view', 'gym', 'pool', 'metro']",2025-11-26,2026-08-05T22:00:04.630842,0.85
PROP-563339,Arabian Ranches,Townhouse,1,3,832,1,507886,750235,49,"['security', 'gym', 'balcony', 'mall', 'sea_view']",2025-04-24,2026-08-05T22:00:04.630876,0.85
PROP-447195,Dubai Marina,Apartment,1,2,893,14,712266,1048496,29,"['pool', 'gym', 'mall', 'balcony']",2025-09-05,2026-08-05T22:00:04.630896,0.85
PROP-905843,Dubai Marina,Apartment,1,3,577,44,509131,825376,31,"['parking', 'security', 'sea_view', 'balcony', 'mall', 'pool']",2026-04-01,2026-08-05T22:00:04.630917,0.85
PROP-652654,Palm Jumeirah,Townhouse,2,4,1052,1,1774916,1941411,28,"['gym', 'sea_view', 'parking']",2025-08-05,2026-08-05T22:00:04.630940,0.85
PROP-703080,JLT,Villa,4,3,1900,1,1555945,1878517,19,"['balcony', 'security', 'mall', 'parking', 'sea_view']",2025-01-25,2026-08-05T22:00:04.630960,0.85
PROP-125151,Arabian Ranches,Townhouse,1,3,837,1,500694,798474,40,"['balcony', 'gym', 'pool']",2026-02-25,2026-08-05T22:00:04.630977,0.85
PROP-366776,JLT,Apartment,3,3,1833,27,1124816,1658672,42,"['pool', 'sea_view', 'gym']",2025-09-09,2026-08-05T22:00:04.630995,0.85
PROP-597549,Dubai Marina,Townhouse,2,3,1195,1,981072,1513636,21,"['pool', 'metro', 'gym', 'sea_view', 'parking', 'balcony']",2025-03-12,2026-08-05T22:00:04.631014,0.85
PROP-682145,Dubai Marina,Villa,6,6,3395,1,3738373,4646002,19,"['metro', 'sea_view', 'pool', 'balcony', 'parking']",2025-08-28,2026-08-05T22:00:04.631033,0.85
PROP-920347,Arabian Ranches,Apartment,1,2,573,10,313608,521058,33,"['parking', 'balcony', 'metro', 'security', 'gym', 'mall']",2026-03-06,2026-08-05T22:00:04.631052,0.85
PROP-492393,Palm Jumeirah,Townhouse,3,2,1568,1,1791431,3785048,24,"['balcony', 'gym', 'mall', 'parking', 'metro']",2026-03-20,2026-08-05T22:00:04.631071,0.85
PROP-425434,Dubai Marina,Villa,3,5,1549,1,1653788,2404788,13,"['sea_view', 'security', 'mall']",2025-02-02,2026-08-05T22:00:04.631091,0.85
PROP-820426,Palm Jumeirah,Villa,3,3,1324,1,1867826,3044636,29,"['pool', 'parking']",2026-05-23,2026-08-05T22:00:04.631108,0.85
PROP-390088,Arabian Ranches,Apartment,2,4,874,34,580233,982084,21,"['balcony', 'sea_view', 'gym', 'parking', 'metro', 'pool']",2025-09-25,2026-08-05T22:00:04.631130,0.85
PROP-838568,Arabian Ranches,Townhouse,2,1,1014,1,525048,947418,51,"['gym', 'mall', 'balcony', 'parking', 'sea_view', 'metro']",2026-01-22,2026-08-05T22:00:04.631149,0.85
PROP-510954,Palm Jumeirah,Villa,4,3,1989,1,2922269,3650826,13,"['pool', 'mall', 'security', 'metro', 'balcony']",2025-05-13,2026-08-05T22:00:04.631167,0.85
PROP-197429,Downtown Dubai,Penthouse,5,6,2415,13,3144792,4353091,21,"['mall', 'balcony']",2026-03-03,2026-08-05T22:00:04.631190,0.85
PROP-611187,Bluewaters,Penthouse,3,5,1625,31,1860811,2818199,38,"['balcony', 'parking', 'security', 'gym', 'metro', 'mall']",2025-03-21,2026-08-05T22:00:04.631210,0.85
PROP-930924,Dubai Marina,Apartment,2,1,1223,30,1326313,1517900,20,"['parking', 'balcony', 'pool', 'security', 'sea_view', 'gym']",2026-05-05,2026-08-05T22:00:04.631229,0.85
PROP-922412,Palm Jumeirah,Penthouse,4,6,1868,36,2231315,3993153,15,"['security', 'metro', 'sea_view', 'balcony']",2025-05-06,2026-08-05T22:00:04.631247,0.85
PROP-961953,JLT,Townhouse,3,3,1321,1,1085611,1338929,43,"['gym', 'balcony', 'metro', 'security', 'parking']",2026-03-16,2026-08-05T22:00:04.631265,0.85
PROP-956721,JLT,Villa,5,7,1990,1,1603248,1948054,43,"['sea_view', 'security', 'mall', 'pool', 'balcony']",2025-11-13,2026-08-05T22:00:04.631283,0.85
PROP-555844,Downtown Dubai,Apartment,1,1,837,19,960199,1462037,10,"['sea_view', 'parking', 'balcony']",2025-09-18,2026-08-05T22:00:04.631302,0.85
PROP-100884,Bluewaters,Townhouse,1,1,867,1,1073577,1453554,20,"['sea_view', 'balcony']",2026-05-23,2026-08-05T22:00:04.631320,0.85
PROP-794668,Bluewaters,Townhouse,1,2,577,1,723053,1127514,31,"['metro', 'security', 'mall', 'sea_view']",2025-12-01,2026-08-05T22:00:04.631338,0.85
PROP-250990,Downtown Dubai,Penthouse,3,3,1772,24,2415558,2644816,31,"['parking', 'pool', 'metro']",2026-06-19,2026-08-05T22:00:04.631355,0.85
PROP-503402,Bluewaters,Penthouse,5,7,2063,9,2819731,3815545,25,"['metro', 'balcony', 'gym', 'security', 'mall', 'parking']",2025-04-07,2026-08-05T22:00:04.631374,0.85
PROP-695748,Palm Jumeirah,Villa,4,6,2119,1,3170269,5070264,20,"['balcony', 'security', 'mall', 'sea_view', 'parking', 'pool']",2026-06-08,2026-08-05T22:00:04.631393,0.85
PROP-357143,JLT,Townhouse,1,3,666,1,427989,678912,44,"['mall', 'balcony', 'pool', 'metro']",2026-03-24,2026-08-05T22:00:04.631410,0.85
PROP-403257,JLT,Apartment,3,4,1645,22,1251038,1321321,31,"['mall', 'balcony', 'sea_view', 'parking', 'security', 'gym']",2025-09-07,2026-08-05T22:00:04.631430,0.85
PROP-186518,Downtown Dubai,Apartment,3,4,1996,17,1975003,3361057,9,"['pool', 'sea_view', 'parking', 'balcony', 'mall', 'gym']",2025-03-18,2026-08-05T22:00:04.631459,0.85
PROP-373943,Downtown Dubai,Apartment,2,3,1009,18,1384117,1421198,7,"['parking', 'balcony', 'sea_view', 'gym', 'security', 'metro']",2026-01-31,2026-08-05T22:00:04.631480,0.85
PROP-861265,Bluewaters,Villa,6,6,3026,1,3646747,4994839,15,"['parking', 'metro', 'security', 'sea_view', 'balcony', 'pool']",2025-04-27,2026-08-05T22:00:04.631501,0.85
PROP-816712,Bluewaters,Villa,4,5,1687,1,2408970,2816609,16,"['metro', 'security', 'parking', 'mall', 'gym']",2025-06-27,2026-08-05T22:00:04.631521,0.85
PROP-985249,Bluewaters,Penthouse,4,5,1919,28,1969673,4138004,25,"['sea_view', 'balcony', 'mall', 'pool', 'metro']",2025-07-14,2026-08-05T22:00:04.631541,0.85
PROP-428487,JLT,Townhouse,2,3,986,1,667130,961599,31,"['security', 'balcony', 'parking']",2026-01-02,2026-08-05T22:00:04.631559,0.85
PROP-135695,Arabian Ranches,Apartment,3,2,1207,27,607661,1123924,35,"['security', 'sea_view', 'parking', 'metro']",2025-12-16,2026-08-05T22:00:04.631581,0.85
PROP-792561,Dubai Marina,Apartment,1,1,665,8,539380,932558,21,"['parking', 'pool', 'sea_view', 'gym', 'mall', 'balcony']",2025-03-24,2026-08-05T22:00:04.631612,0.85
PROP-162976,Dubai Marina,Penthouse,4,6,2373,17,1989304,2698097,33,"['metro', 'security']",2025-07-28,2026-08-05T22:00:04.631631,0.85
PROP-328994,Palm Jumeirah,Townhouse,1,3,718,1,1281761,1393256,25,"['mall', 'pool', 'gym']",2025-04-26,2026-08-05T22:00:04.631648,0.85
PROP-379378,Arabian Ranches,Apartment,2,3,869,5,431805,971771,45,"['pool', 'security', 'gym', 'mall', 'balcony']",2025-05-18,2026-08-05T22:00:04.631667,0.85
PROP-822742,Downtown Dubai,Townhouse,2,1,1313,1,1561822,2156402,27,"['security', 'pool']",2025-06-11,2026-08-05T22:00:04.631684,0.85
PROP-184365,JLT,Apartment,3,4,1560,26,961831,1714603,37,"['sea_view', 'balcony']",2025-07-16,2026-08-05T22:00:04.631702,0.85
PROP-188984,JLT,Townhouse,3,3,1568,1,959301,1435110,23,"['metro', 'pool', 'sea_view', 'parking']",2025-03-02,2026-08-05T22:00:04.631723,0.85
PROP-117215,Bluewaters,Penthouse,5,5,2043,13,2111842,4490166,18,"['metro', 'pool', 'balcony', 'parking', 'security']",2025-04-14,2026-08-05T22:00:04.631743,0.85
PROP-871185,Dubai Marina,Townhouse,1,2,655,1,606518,789824,29,"['mall', 'sea_view', 'balcony', 'gym', 'metro', 'pool']",2026-05-31,2026-08-05T22:00:04.631769,0.85
PROP-578344,Downtown Dubai,Penthouse,5,4,2473,16,3206547,3655891,9,"['balcony', 'metro']",2026-04-19,2026-08-05T22:00:04.631787,0.85
PROP-439984,Arabian Ranches,Villa,3,2,1491,1,928586,1617270,23,"['metro', 'parking', 'sea_view']",2025-05-28,2026-08-05T22:00:04.631805,0.85
PROP-680290,Dubai Marina,Villa,5,5,2848,1,2829518,3610557,12,"['parking', 'metro', 'security', 'gym']",2025-07-11,2026-08-05T22:00:04.631824,0.85
PROP-536440,Downtown Dubai,Penthouse,3,2,1303,41,1633925,2432175,4,"['gym', 'pool', 'metro', 'mall', 'sea_view']",2025-10-15,2026-08-05T22:00:04.631843,0.85
PROP-741780,Bluewaters,Penthouse,5,5,2183,41,2546060,4082758,18,"['pool', 'balcony', 'gym']",2025-02-22,2026-08-05T22:00:04.631873,0.85
PROP-329927,Dubai Marina,Townhouse,2,4,1087,1,940070,1259565,25,"['sea_view', 'metro']",2025-02-07,2026-08-05T22:00:04.631892,0.85
PROP-398911,JLT,Villa,5,4,2152,1,1805493,2163993,47,"['mall', 'gym', 'metro', 'pool', 'balcony']",2025-06-12,2026-08-05T22:00:04.631913,0.85
PROP-639915,Downtown Dubai,Penthouse,4,5,2360,3,2383888,3378278,21,"['parking', 'metro', 'pool']",2025-03-06,2026-08-05T22:00:04.631932,0.85
PROP-202827,Dubai Marina,Apartment,1,3,897,21,834984,1321768,37,"['security', 'metro', 'pool', 'parking']",2025-11-08,2026-08-05T22:00:04.631950,0.85
PROP-506145,Downtown Dubai,Penthouse,3,5,1355,31,1681344,1941177,17,"['security', 'balcony', 'mall']",2026-01-18,2026-08-05T22:00:04.631968,0.85
PROP-216506,Palm Jumeirah,Villa,6,6,3349,1,5969258,6502242,17,"['pool', 'parking']",2026-03-02,2026-08-05T22:00:04.631985,0.85
PROP-612977,JLT,Penthouse,4,4,2451,15,2122376,2404653,42,"['parking', 'balcony', 'metro', 'gym', 'pool', 'sea_view']",2025-01-06,2026-08-05T22:00:04.632004,0.85
PROP-869105,Downtown Dubai,Penthouse,4,5,1731,16,1867678,2874410,11,"['parking', 'balcony', 'pool', 'security', 'sea_view', 'metro']",2025-03-31,2026-08-05T22:00:04.632024,0.85
PROP-475815,Arabian Ranches,Apartment,2,4,1094,29,655162,1011870,45,"['metro', 'gym']",2026-02-06,2026-08-05T22:00:04.632041,0.85
PROP-757258,Palm Jumeirah,Villa,3,2,1672,1,2000544,3547144,31,"['pool', 'security', 'metro', 'gym', 'sea_view', 'mall']",2025-06-21,2026-08-05T22:00:04.632060,0.85
PROP-639740,JLT,Apartment,3,2,1614,34,984240,1497421,25,"['security', 'metro', 'sea_view', 'pool', 'parking', 'mall']",2026-05-16,2026-08-05T22:00:04.632079,0.85
PROP-245129,Bluewaters,Townhouse,1,1,735,1,934398,1194025,22,"['gym', 'balcony', 'sea_view']",2025-12-17,2026-08-05T22:00:04.632097,0.85
PROP-813269,Palm Jumeirah,Villa,3,5,2011,1,3433208,4609192,37,"['sea_view', 'parking', 'metro']",2025-01-30,2026-08-05T22:00:04.632116,0.85
PROP-573933,JLT,Townhouse,1,1,721,1,530456,685263,43,"['mall', 'sea_view']",2025-08-28,2026-08-05T22:00:04.632133,0.85
PROP-830943,Arabian Ranches,Townhouse,3,2,1528,1,765457,1554288,26,"['gym', 'pool', 'mall', 'parking']",2026-03-18,2026-08-05T22:00:04.632151,0.85
PROP-873544,Downtown Dubai,Penthouse,3,3,1560,19,1809502,2822729,33,"['mall', 'parking', 'security']",2025-04-05,2026-08-05T22:00:04.632170,0.85
PROP-580255,Bluewaters,Apartment,2,2,843,15,1239944,1611624,21,"['sea_view', 'mall', 'metro', 'parking', 'security']",2025-04-16,2026-08-05T22:00:04.632193,0.85
PROP-578073,Palm Jumeirah,Villa,5,5,2296,1,3280191,5692947,37,"['parking', 'mall']",2025-09-11,2026-08-05T22:00:04.632210,0.85
PROP-797883,Downtown Dubai,Villa,5,5,2148,1,2228340,3157883,14,"['parking', 'security', 'mall', 'sea_view', 'gym', 'pool']",2026-06-17,2026-08-05T22:00:04.632229,0.85
PROP-580290,Palm Jumeirah,Townhouse,1,2,840,1,1497161,1825782,16,"['metro', 'security']",2026-02-22,2026-08-05T22:00:04.632246,0.85
PROP-867180,Palm Jumeirah,Villa,3,4,1796,1,2552503,3597170,43,"['parking', 'metro', 'balcony', 'security', 'mall', 'sea_view']",2026-02-28,2026-08-05T22:00:04.632267,0.85
PROP-711772,JLT,Apartment,1,1,540,26,424038,467699,28,"['sea_view', 'pool']",2025-12-21,2026-08-05T22:00:04.632285,0.85
PROP-433193,Arabian Ranches,Villa,5,5,1917,1,1167872,1981482,42,"['metro', 'gym']",2025-02-07,2026-08-05T22:00:04.632304,0.85
PROP-326172,Arabian Ranches,Apartment,3,4,1528,28,868990,1546105,30,"['sea_view', 'parking', 'security', 'balcony']",2026-04-08,2026-08-05T22:00:04.632322,0.85
PROP-317877,Bluewaters,Penthouse,5,7,2562,11,3727872,5590838,24,"['parking', 'metro', 'balcony', 'sea_view', 'pool']",2026-02-15,2026-08-05T22:00:04.632342,0.85
PROP-295041,Palm Jumeirah,Penthouse,5,6,2122,6,2301872,4768482,21,"['parking', 'balcony', 'security', 'metro', 'gym']",2025-12-23,2026-08-05T22:00:04.632361,0.85
PROP-771670,JLT,Townhouse,3,5,1334,1,1134400,1188826,34,"['security', 'pool', 'metro', 'gym', 'parking']",2025-08-29,2026-08-05T22:00:04.632379,0.85
PROP-727983,Bluewaters,Penthouse,3,4,1559,32,2353572,3097532,11,"['balcony', 'security']",2026-05-18,2026-08-05T22:00:04.632397,0.85
PROP-986340,Bluewaters,Townhouse,3,5,1805,1,2687476,3568119,26,"['sea_view', 'balcony']",2026-06-23,2026-08-05T22:00:04.632414,0.85
PROP-767153,Palm Jumeirah,Villa,3,3,1629,1,2789480,3086707,18,"['balcony', 'parking']",2025-05-15,2026-08-05T22:00:04.632431,0.85
PROP-431570,Palm Jumeirah,Apartment,2,3,1109,33,1352477,2483739,37,"['parking', 'balcony']",2025-08-03,2026-08-05T22:00:04.632448,0.85
PROP-456844,Bluewaters,Townhouse,2,3,1121,1,1494545,2347361,11,"['balcony', 'parking', 'security']",2025-05-30,2026-08-05T22:00:04.632467,0.85
PROP-602811,Downtown Dubai,Apartment,1,1,691,13,927081,1199018,26,"['gym', 'security', 'metro', 'pool', 'balcony', 'sea_view']",2026-06-23,2026-08-05T22:00:04.632488,0.85
PROP-333159,Palm Jumeirah,Townhouse,3,4,1481,1,2548213,3285382,37,"['parking', 'sea_view', 'mall', 'pool']",2026-02-28,2026-08-05T22:00:04.632505,0.85
PROP-894122,Downtown Dubai,Villa,4,5,1735,1,1774045,2510827,26,"['gym', 'pool']",2025-03-02,2026-08-05T22:00:04.632522,0.85
PROP-891203,JLT,Apartment,1,1,720,38,444801,601687,25,"['gym', 'parking']",2026-07-01,2026-08-05T22:00:04.632539,0.85
PROP-629435,Dubai Marina,Apartment,3,3,1702,12,1738450,1897099,13,"['sea_view', 'parking', 'gym', 'balcony']",2025-11-18,2026-08-05T22:00:04.632557,0.85
PROP-561023,Arabian Ranches,Apartment,1,1,696,13,495150,662266,45,"['pool', 'sea_view', 'mall', 'gym', 'security', 'balcony']",2025-12-14,2026-08-05T22:00:04.632576,0.85
PROP-619900,Bluewaters,Apartment,1,2,764,14,991439,1409233,35,"['gym', 'security', 'pool', 'balcony']",2026-02-12,2026-08-05T22:00:04.632596,0.85
PROP-297955,Palm Jumeirah,Townhouse,3,2,1380,1,1980953,2855698,27,"['balcony', 'sea_view', 'security', 'gym', 'metro', 'mall']",2025-04-27,2026-08-05T22:00:04.632614,0.85
PROP-877447,Dubai Marina,Penthouse,5,6,2081,44,1991503,2398531,23,"['gym', 'pool', 'mall', 'security', 'balcony', 'parking']",2026-03-31,2026-08-05T22:00:04.632634,0.85
PROP-473395,Downtown Dubai,Apartment,2,2,1074,39,1466154,1764123,11,"['mall', 'parking', 'sea_view', 'balcony', 'metro']",2025-06-11,2026-08-05T22:00:04.632652,0.85
PROP-970645,JLT,Penthouse,4,5,1880,7,1196915,1779988,24,"['pool', 'mall', 'sea_view']",2026-05-19,2026-08-05T22:00:04.632671,0.85
PROP-407823,Dubai Marina,Penthouse,5,4,2270,39,2325645,2670356,28,"['gym', 'metro', 'pool', 'balcony', 'security', 'mall']",2025-12-14,2026-08-05T22:00:04.632690,0.85
PROP-581984,Bluewaters,Penthouse,4,5,2227,35,2928894,4836038,12,"['gym', 'security', 'metro', 'parking', 'sea_view']",2025-04-27,2026-08-05T22:00:04.632708,0.85
PROP-689567,Dubai Marina,Apartment,1,2,714,32,667622,896948,21,"['gym', 'balcony', 'sea_view', 'security', 'metro']",2025-03-15,2026-08-05T22:00:04.632727,0.85
PROP-977589,Downtown Dubai,Apartment,2,3,1245,40,1599469,2315553,13,"['pool', 'mall', 'balcony', 'metro']",2026-03-14,2026-08-05T22:00:04.632744,0.85
PROP-779564,Palm Jumeirah,Townhouse,3,2,1909,1,2584810,4008334,24,"['sea_view', 'pool', 'mall', 'gym', 'balcony']",2025-11-14,2026-08-05T22:00:04.632782,0.85
PROP-829765,Palm Jumeirah,Apartment,3,2,1442,22,1733631,3139077,14,"['metro', 'balcony', 'mall', 'security', 'parking']",2026-07-02,2026-08-05T22:00:04.632801,0.85
PROP-274721,JLT,Apartment,2,4,1291,21,996344,1345864,20,"['sea_view', 'security', 'balcony']",2025-08-03,2026-08-05T22:00:04.632819,0.85
PROP-943687,Arabian Ranches,Townhouse,2,4,1156,1,731177,1378220,23,"['security', 'parking', 'metro', 'pool', 'sea_view', 'mall']",2025-05-28,2026-08-05T22:00:04.632838,0.85
PROP-795684,Downtown Dubai,Apartment,3,2,1775,18,1761313,3338262,19,"['security', 'parking', 'pool', 'metro', 'balcony']",2025-04-30,2026-08-05T22:00:04.632872,0.85
PROP-323297,Arabian Ranches,Townhouse,1,3,680,1,428394,704458,45,"['parking', 'pool', 'sea_view', 'balcony', 'gym', 'mall']",2025-01-26,2026-08-05T22:00:04.632896,0.85
PROP-434132,Bluewaters,Penthouse,4,6,2106,34,2376304,3953998,18,"['balcony', 'metro', 'security']",2025-05-24,2026-08-05T22:00:04.632915,0.85
PROP-357516,Dubai Marina,Villa,6,7,2720,1,2372712,3809675,21,"['gym', 'mall', 'metro']",2026-06-17,2026-08-05T22:00:04.632933,0.85
PROP-158014,Palm Jumeirah,Penthouse,4,6,1950,13,2329739,3696227,21,"['parking', 'sea_view', 'pool', 'security']",2026-06-25,2026-08-05T22:00:04.632951,0.85
PROP-347507,Dubai Marina,Townhouse,3,4,1406,1,1550590,2018785,37,"['metro', 'mall']",2026-02-06,2026-08-05T22:00:04.632973,0.85
PROP-328598,Dubai Marina,Apartment,3,4,1577,16,1570590,2344361,19,"['metro', 'mall', 'sea_view', 'gym']",2025-05-10,2026-08-05T22:00:04.632993,0.85
PROP-391224,Downtown Dubai,Apartment,1,1,745,27,806139,1306497,19,"['sea_view', 'mall', 'pool', 'parking', 'security', 'gym']",2025-11-07,2026-08-05T22:00:04.633012,0.85
PROP-424291,Downtown Dubai,Townhouse,2,3,966,1,1226617,1877070,5,"['security', 'parking']",2025-07-03,2026-08-05T22:00:04.633030,0.85
PROP-268010,Bluewaters,Townhouse,3,2,1679,1,2490174,3077745,40,"['balcony', 'parking', 'pool', 'gym', 'metro']",2025-11-23,2026-08-05T22:00:04.633049,0.85
PROP-964446,JLT,Townhouse,3,5,1314,1,1129952,1375704,47,"['mall', 'sea_view', 'security', 'parking', 'metro']",2026-03-09,2026-08-05T22:00:04.633067,0.85
PROP-760766,Downtown Dubai,Townhouse,3,2,1635,1,2042140,3086972,27,"['mall', 'sea_view', 'pool', 'metro']",2026-01-02,2026-08-05T22:00:04.633086,0.85
PROP-931145,JLT,Villa,3,5,1459,1,1012716,1203192,22,"['parking', 'metro', 'balcony']",2025-05-20,2026-08-05T22:00:04.633103,0.85
PROP-512608,Palm Jumeirah,Penthouse,4,4,1852,44,2790917,3758275,22,"['gym', 'security', 'parking']",2026-01-09,2026-08-05T22:00:04.633121,0.85
PROP-729557,JLT,Villa,3,2,1693,1,1476386,1849159,23,"['parking', 'pool', 'security', 'balcony']",2025-04-30,2026-08-05T22:00:04.633138,0.85
PROP-401950,Palm Jumeirah,Villa,3,4,1569,1,1827088,3613420,26,"['mall', 'pool', 'gym', 'sea_view', 'balcony']",2025-10-11,2026-08-05T22:00:04.633156,0.85
PROP-130170,Bluewaters,Penthouse,4,4,2045,39,2323950,4283157,34,"['metro', 'gym', 'security']",2026-02-03,2026-08-05T22:00:04.633174,0.85
PROP-826687,Palm Jumeirah,Townhouse,1,3,702,1,1052782,1581651,15,"['mall', 'gym']",2025-08-24,2026-08-05T22:00:04.633196,0.85
PROP-105621,JLT,Villa,6,8,3459,1,2151209,3345198,18,"['security', 'mall', 'parking', 'balcony']",2026-06-02,2026-08-05T22:00:04.633214,0.85
PROP-455652,Palm Jumeirah,Penthouse,4,6,2373,9,4216824,5200885,31,"['balcony', 'gym', 'mall']",2025-02-16,2026-08-05T22:00:04.633232,0.85
PROP-884149,JLT,Villa,3,4,1964,1,1433482,1724631,27,"['parking', 'security']",2025-09-25,2026-08-05T22:00:04.633249,0.85
PROP-255840,Palm Jumeirah,Penthouse,4,5,2259,34,2948825,5477781,23,"['parking', 'balcony', 'sea_view', 'security', 'pool']",2026-01-01,2026-08-05T22:00:04.633271,0.85
PROP-616935,Dubai Marina,Villa,4,3,2113,1,1772552,2817825,12,"['pool', 'security', 'parking', 'balcony', 'metro']",2025-04-12,2026-08-05T22:00:04.633289,0.85
PROP-651567,Dubai Marina,Villa,3,4,1323,1,1445433,1574803,14,"['balcony', 'mall', 'sea_view', 'metro', 'gym', 'parking']",2026-07-18,2026-08-05T22:00:04.633308,0.85
PROP-977634,Arabian Ranches,Villa,6,5,2833,1,1820083,3303873,21,"['gym', 'security', 'parking', 'balcony']",2026-03-29,2026-08-05T22:00:04.633326,0.85
PROP-440698,Palm Jumeirah,Villa,3,2,1746,1,2456482,4310247,32,"['sea_view', 'pool']",2025-03-28,2026-08-05T22:00:04.633343,0.85
PROP-193520,Bluewaters,Villa,4,3,2300,1,2747378,3756638,13,"['metro', 'pool', 'security', 'parking', 'gym', 'mall']",2025-06-10,2026-08-05T22:00:04.633363,0.85
PROP-871635,Dubai Marina,Villa,4,6,2502,1,2208207,3693650,29,"['gym', 'parking', 'security']",2025-04-21,2026-08-05T22:00:04.633380,0.85
PROP-950389,Palm Jumeirah,Villa,5,4,2582,1,3160128,5452692,25,"['balcony', 'mall', 'metro', 'security', 'pool']",2025-05-05,2026-08-05T22:00:04.633398,0.85
PROP-188049,Palm Jumeirah,Villa,6,8,2358,1,3418170,5850882,34,"['parking', 'security', 'balcony']",2025-01-11,2026-08-05T22:00:04.633416,0.85
PROP-677759,Palm Jumeirah,Penthouse,4,3,2141,10,3829422,4879381,22,"['metro', 'parking', 'balcony']",2026-05-27,2026-08-05T22:00:04.633436,0.85
PROP-117058,Dubai Marina,Apartment,3,2,1757,27,1430223,2513261,27,"['sea_view', 'parking', 'balcony', 'pool']",2025-02-09,2026-08-05T22:00:04.633456,0.85
PROP-321321,Dubai Marina,Penthouse,3,3,1473,6,1369669,2139074,19,"['mall', 'metro', 'sea_view', 'security', 'parking', 'gym']",2026-01-07,2026-08-05T22:00:04.633475,0.85
PROP-582515,Downtown Dubai,Apartment,3,4,1720,28,2092380,2414034,7,"['parking', 'sea_view']",2025-03-28,2026-08-05T22:00:04.633494,0.85
PROP-217348,Bluewaters,Penthouse,5,7,2419,45,3347542,4872291,23,"['gym', 'mall', 'metro', 'pool']",2025-12-30,2026-08-05T22:00:04.633512,0.85
PROP-122876,Dubai Marina,Villa,3,3,1593,1,1615152,2099405,29,"['security', 'pool', 'parking', 'mall', 'gym', 'balcony']",2025-05-01,2026-08-05T22:00:04.633531,0.85
PROP-450067,Dubai Marina,Villa,4,6,2237,1,1760666,2963483,16,"['balcony', 'mall', 'security']",2026-05-29,2026-08-05T22:00:04.633548,0.85
PROP-638292,Dubai Marina,Apartment,3,5,1721,38,1711538,2370079,18,"['mall', 'security']",2025-03-08,2026-08-05T22:00:04.633567,0.85
PROP-831396,Arabian Ranches,Penthouse,3,2,1564,28,967078,1667187,29,"['mall', 'pool', 'security', 'balcony', 'parking']",2025-04-04,2026-08-05T22:00:04.633585,0.85
PROP-537110,JLT,Apartment,1,2,733,31,515412,637439,24,"['sea_view', 'balcony', 'mall', 'security', 'gym', 'metro']",2025-06-08,2026-08-05T22:00:04.633604,0.85
PROP-932026,Bluewaters,Townhouse,2,2,1224,1,1435172,2508652,32,"['parking', 'gym', 'metro', 'sea_view', 'security']",2026-03-23,2026-08-05T22:00:04.633622,0.85
PROP-454140,JLT,Penthouse,4,4,1997,4,1796857,1812549,25,"['parking', 'gym', 'balcony', 'pool']",2026-05-07,2026-08-05T22:00:04.633649,0.85
PROP-994863,JLT,Apartment,3,3,1527,15,1139003,1676796,42,"['pool', 'metro', 'balcony', 'parking']",2026-01-21,2026-08-05T22:00:04.633667,0.85
PROP-275160,Bluewaters,Apartment,3,2,1720,8,2659663,3558665,30,"['pool', 'balcony']",2026-03-21,2026-08-05T22:00:04.633685,0.85
PROP-450861,Bluewaters,Apartment,1,2,639,29,914703,1213483,38,"['parking', 'sea_view']",2025-06-21,2026-08-05T22:00:04.633702,0.85
PROP-258975,Downtown Dubai,Apartment,1,3,559,16,760637,941466,13,"['parking', 'pool', 'mall', 'sea_view', 'security', 'gym']",2025-11-14,2026-08-05T22:00:04.633721,0.85
PROP-172961,Arabian Ranches,Penthouse,3,3,1688,27,1174064,2001212,37,"['pool', 'security', 'gym', 'mall']",2025-01-16,2026-08-05T22:00:04.633741,0.85
PROP-410089,Dubai Marina,Townhouse,2,4,1278,1,1196547,1657097,10,"['pool', 'sea_view', 'metro']",2025-02-09,2026-08-05T22:00:04.633762,0.85
PROP-831351,JLT,Penthouse,5,6,2930,23,1764946,2589927,33,"['parking', 'sea_view', 'security', 'metro', 'gym', 'mall']",2025-04-07,2026-08-05T22:00:04.633782,0.85
PROP-678589,Palm Jumeirah,Penthouse,3,4,1231,35,1625947,2840617,36,"['balcony', 'gym', 'pool']",2025-01-23,2026-08-05T22:00:04.633800,0.85
PROP-215806,Palm Jumeirah,Townhouse,3,3,1179,1,2029094,2567806,21,"['balcony', 'sea_view', 'security']",2025-02-13,2026-08-05T22:00:04.633818,0.85
PROP-575159,Bluewaters,Apartment,2,3,1379,23,1498778,2832377,41,"['mall', 'parking']",2026-06-20,2026-08-05T22:00:04.633837,0.85
PROP-210338,Palm Jumeirah,Villa,4,5,1949,1,3040798,4620212,31,"['metro', 'balcony', 'sea_view']",2025-10-25,2026-08-05T22:00:04.633865,0.85
PROP-599387,Palm Jumeirah,Villa,5,7,2050,1,3264381,4878807,15,"['pool', 'security']",2026-03-10,2026-08-05T22:00:04.633884,0.85
PROP-867260,Downtown Dubai,Penthouse,3,4,1938,26,2407683,3316629,16,"['mall', 'sea_view', 'security', 'metro']",2025-03-06,2026-08-05T22:00:04.633903,0.85
PROP-686181,JLT,Villa,4,4,2230,1,1424558,2255327,44,"['gym', 'sea_view', 'mall', 'security', 'balcony', 'pool']",2026-01-13,2026-08-05T22:00:04.634736,0.85
PROP-417991,Palm Jumeirah,Apartment,3,5,1295,24,1931713,2367515,17,"['sea_view', 'parking']",2025-07-01,2026-08-05T22:00:04.634773,0.85
PROP-102187,Palm Jumeirah,Penthouse,3,3,1473,4,2584394,2966054,22,"['parking', 'metro', 'sea_view']",2025-03-01,2026-08-05T22:00:04.634796,0.85
PROP-898963,Dubai Marina,Townhouse,1,1,802,1,791013,1109071,37,"['metro', 'security', 'sea_view', 'balcony']",2026-02-14,2026-08-05T22:00:04.634818,0.85
PROP-871660,Downtown Dubai,Penthouse,4,6,1818,6,2443227,3270039,17,"['security', 'mall', 'parking', 'balcony', 'pool']",2025-04-22,2026-08-05T22:00:04.634839,0.85
PROP-887017,Palm Jumeirah,Apartment,1,1,754,36,1164564,1697057,15,"['pool', 'balcony', 'metro']",2026-01-09,2026-08-05T22:00:04.634871,0.85
PROP-615346,JLT,Apartment,1,1,594,14,400110,600941,45,"['mall', 'pool', 'balcony', 'sea_view', 'parking', 'gym']",2026-05-06,2026-08-05T22:00:04.634900,0.85
PROP-399212,Dubai Marina,Townhouse,2,2,1024,1,1115620,1288899,17,"['gym', 'pool']",2026-01-28,2026-08-05T22:00:04.634920,0.85
PROP-435587,Downtown Dubai,Villa,5,4,2202,1,3120320,3979377,5,"['sea_view', 'gym', 'pool', 'mall', 'parking', 'metro']",2026-04-21,2026-08-05T22:00:04.634940,0.85
PROP-220671,Downtown Dubai,Penthouse,4,5,1945,4,2056309,3600740,22,"['mall', 'balcony', 'metro']",2025-06-15,2026-08-05T22:00:04.634960,0.85
PROP-358281,Palm Jumeirah,Apartment,2,4,1290,5,1842898,2689966,20,"['balcony', 'mall']",2026-04-04,2026-08-05T22:00:04.634979,0.85
PROP-663646,Arabian Ranches,Villa,5,7,2462,1,1681808,2585419,46,"['sea_view', 'balcony', 'gym']",2025-10-12,2026-08-05T22:00:04.635014,0.85
PROP-713583,JLT,Penthouse,3,2,1652,42,1472963,1321869,46,"['balcony', 'mall', 'parking', 'security', 'sea_view']",2025-11-15,2026-08-05T22:00:04.635049,0.85
PROP-552945,Arabian Ranches,Townhouse,1,1,912,1,561007,903054,33,"['parking', 'sea_view']",2025-09-20,2026-08-05T22:00:04.635068,0.85
PROP-728635,Downtown Dubai,Townhouse,3,4,1769,1,2530072,3227810,12,"['sea_view', 'parking', 'gym']",2025-04-10,2026-08-05T22:00:04.635089,0.85
PROP-899502,Palm Jumeirah,Apartment,3,3,1646,39,2342423,4001444,34,"['metro', 'balcony', 'sea_view']",2025-02-17,2026-08-05T22:00:04.635108,0.85
PROP-488477,JLT,Apartment,3,2,1576,43,1156079,1319150,43,"['sea_view', 'security', 'gym', 'pool', 'balcony']",2025-03-07,2026-08-05T22:00:04.635132,0.85
PROP-345637,Downtown Dubai,Penthouse,3,3,1730,18,2225932,3158147,10,"['balcony', 'metro']",2025-12-12,2026-08-05T22:00:04.635150,0.85
PROP-678588,JLT,Townhouse,1,2,683,1,411262,748075,37,"['gym', 'metro', 'parking', 'balcony', 'security']",2026-01-06,2026-08-05T22:00:04.635169,0.85
PROP-826648,Downtown Dubai,Villa,3,3,1753,1,1790105,3436121,31,"['balcony', 'gym', 'sea_view']",2026-06-12,2026-08-05T22:00:04.635193,0.85
PROP-813213,Bluewaters,Townhouse,3,5,1368,1,1868854,2962875,12,"['metro', 'mall', 'security', 'parking']",2026-03-22,2026-08-05T22:00:04.635212,0.85
PROP-699596,Arabian Ranches,Penthouse,4,5,2050,15,1007106,2409810,38,"['sea_view', 'pool', 'security', 'gym', 'parking']",2026-04-06,2026-08-05T22:00:04.635230,0.85
PROP-947311,Dubai Marina,Villa,6,5,2678,1,2247413,3361969,29,"['pool', 'security']",2025-04-21,2026-08-05T22:00:04.635248,0.85
PROP-901215,Dubai Marina,Townhouse,2,2,1096,1,948927,1392359,10,"['security', 'pool', 'balcony', 'sea_view']",2025-05-03,2026-08-05T22:00:04.635266,0.85
PROP-157450,Dubai Marina,Penthouse,5,4,1986,3,1818902,3068453,31,"['parking', 'pool']",2025-04-09,2026-08-05T22:00:04.635283,0.85
PROP-575436,Palm Jumeirah,Penthouse,3,2,1697,36,1896543,4064231,25,"['metro', 'gym']",2026-07-01,2026-08-05T22:00:04.635300,0.85
PROP-721686,JLT,Penthouse,4,3,1857,30,1402339,1813070,20,"['pool', 'balcony']",2026-05-08,2026-08-05T22:00:04.635319,0.85
PROP-712916,Downtown Dubai,Villa,5,6,2631,1,3440871,4385283,11,"['pool', 'mall', 'gym']",2025-09-09,2026-08-05T22:00:04.635336,0.85
PROP-631741,JLT,Townhouse,2,2,1114,1,771558,1005797,28,"['parking', 'pool']",2025-11-07,2026-08-05T22:00:04.635353,0.85
PROP-728896,Arabian Ranches,Apartment,2,3,1002,41,699436,1137850,31,"['mall', 'sea_view', 'metro']",2025-03-14,2026-08-05T22:00:04.635373,0.85
PROP-769795,Bluewaters,Townhouse,3,4,1774,1,2210573,3011130,25,"['mall', 'gym']",2026-07-08,2026-08-05T22:00:04.635390,0.85
PROP-177312,Downtown Dubai,Villa,6,6,2812,1,3691035,5544006,14,"['security', 'mall', 'gym', 'pool', 'parking']",2026-07-12,2026-08-05T22:00:04.635410,0.85
PROP-282605,Palm Jumeirah,Apartment,3,2,1406,29,1715278,3107232,37,"['pool', 'mall', 'gym', 'sea_view']",2025-09-12,2026-08-05T22:00:04.635427,0.85
PROP-786680,Downtown Dubai,Townhouse,3,3,1691,1,1823004,2566248,9,"['gym', 'pool', 'sea_view', 'mall']",2025-07-04,2026-08-05T22:00:04.635445,0.85
PROP-300992,Dubai Marina,Townhouse,1,2,688,1,628192,884888,14,"['metro', 'sea_view', 'pool', 'mall', 'gym', 'balcony']",2026-01-09,2026-08-05T22:00:04.635464,0.85
PROP-155846,Arabian Ranches,Penthouse,5,6,2474,41,1332723,2260886,40,"['security', 'metro', 'balcony', 'parking', 'gym', 'mall']",2025-10-16,2026-08-05T22:00:04.635484,0.85
PROP-887803,Bluewaters,Townhouse,1,3,544,1,785383,1128581,30,"['parking', 'balcony']",2025-06-04,2026-08-05T22:00:04.635505,0.85
PROP-330189,Bluewaters,Townhouse,2,4,1054,1,1480599,2018710,26,"['mall', 'parking', 'balcony', 'security', 'pool']",2025-12-10,2026-08-05T22:00:04.635522,0.85
PROP-409380,Downtown Dubai,Penthouse,3,5,1471,28,2039659,2563691,33,"['balcony', 'mall', 'pool', 'gym']",2026-04-08,2026-08-05T22:00:04.635542,0.85
PROP-125918,JLT,Townhouse,1,1,831,1,653446,771027,31,"['metro', 'parking', 'security', 'mall', 'balcony']",2025-06-09,2026-08-05T22:00:04.635560,0.85
PROP-477735,Downtown Dubai,Penthouse,3,4,1683,23,2343928,2653604,20,"['gym', 'metro', 'parking', 'mall', 'pool', 'security']",2026-05-04,2026-08-05T22:00:04.635578,0.85
PROP-108948,Dubai Marina,Villa,5,5,2878,1,2503884,4238159,33,"['security', 'sea_view', 'balcony', 'gym']",2025-10-09,2026-08-05T22:00:04.635596,0.85
PROP-597484,Palm Jumeirah,Townhouse,2,4,1302,1,2116557,2354437,33,"['parking', 'metro', 'security', 'gym', 'balcony', 'mall']",2025-12-01,2026-08-05T22:00:04.635615,0.85
PROP-245699,Downtown Dubai,Penthouse,5,7,2328,21,3180012,3858138,34,"['security', 'mall', 'metro', 'balcony', 'pool']",2025-06-14,2026-08-05T22:00:04.635633,0.85
PROP-261156,Arabian Ranches,Villa,5,4,2666,1,1497111,2734634,42,"['balcony', 'parking', 'mall', 'pool', 'sea_view']",2026-02-02,2026-08-05T22:00:04.635651,0.85
PROP-133616,Palm Jumeirah,Penthouse,4,4,1932,35,2624104,4119689,23,"['mall', 'sea_view', 'parking', 'pool', 'gym', 'balcony']",2026-01-13,2026-08-05T22:00:04.635671,0.85
PROP-530819,Bluewaters,Penthouse,3,3,1335,25,1566304,2322664,32,"['gym', 'security', 'pool', 'parking', 'sea_view', 'metro']",2025-08-04,2026-08-05T22:00:04.635693,0.85
PROP-553195,JLT,Villa,3,3,1775,1,1319668,1456616,47,"['parking', 'metro', 'gym']",2025-08-06,2026-08-05T22:00:04.635713,0.85
PROP-964637,Bluewaters,Penthouse,3,4,1703,33,2396217,3193761,17,"['parking', 'security']",2026-05-15,2026-08-05T22:00:04.635730,0.85
PROP-535214,JLT,Villa,5,7,2671,1,2064255,2727591,26,"['sea_view', 'mall', 'metro', 'parking', 'security']",2026-01-12,2026-08-05T22:00:04.635751,0.85
PROP-387075,Downtown Dubai,Villa,6,8,2881,1,3731732,4198540,26,"['security', 'metro']",2026-01-30,2026-08-05T22:00:04.635771,0.85
PROP-272846,Bluewaters,Townhouse,3,2,1795,1,2711738,3314946,35,"['gym', 'parking', 'pool', 'sea_view', 'metro', 'mall']",2025-03-27,2026-08-05T22:00:04.635790,0.85
PROP-111258,Palm Jumeirah,Villa,3,5,1205,1,1855680,2738887,27,"['sea_view', 'mall', 'security', 'gym', 'metro']",2026-06-01,2026-08-05T22:00:04.635808,0.85
PROP-982442,Palm Jumeirah,Apartment,3,3,1636,32,2310321,3039334,34,"['mall', 'gym', 'security']",2025-09-20,2026-08-05T22:00:04.635825,0.85
PROP-260952,Downtown Dubai,Villa,3,2,1435,1,1463115,2647385,9,"['pool', 'sea_view']",2025-10-21,2026-08-05T22:00:04.635842,0.85
PROP-565553,JLT,Townhouse,1,1,649,1,563206,622838,31,"['gym', 'security']",2025-08-24,2026-08-05T22:00:04.635867,0.85
PROP-453492,Dubai Marina,Apartment,1,3,749,16,685239,913233,11,"['metro', 'pool']",2026-07-11,2026-08-05T22:00:04.635886,0.85
PROP-668016,Downtown Dubai,Apartment,1,1,705,11,691693,1203787,30,"['sea_view', 'balcony', 'mall', 'gym']",2025-12-06,2026-08-05T22:00:04.635905,0.85
PROP-169223,JLT,Penthouse,3,3,1366,23,952116,1098944,37,"['pool', 'security', 'gym', 'metro']",2025-11-16,2026-08-05T22:00:04.635922,0.85
PROP-729006,Bluewaters,Townhouse,3,4,1217,1,1823246,2247382,35,"['mall', 'pool', 'sea_view', 'balcony', 'gym', 'security']",2026-03-26,2026-08-05T22:00:04.635941,0.85
PROP-635849,Palm Jumeirah,Penthouse,5,5,2364,41,3849622,5393082,40,"['gym', 'parking', 'pool', 'balcony', 'security']",2025-05-31,2026-08-05T22:00:04.635966,0.85
PROP-622952,Bluewaters,Villa,3,3,1228,1,1457363,2508494,35,"['gym', 'pool', 'mall']",2025-06-13,2026-08-05T22:00:04.635991,0.85
PROP-930241,Palm Jumeirah,Villa,4,6,1727,1,2161178,3985425,43,"['sea_view', 'gym', 'parking', 'mall', 'pool']",2025-01-06,2026-08-05T22:00:04.636010,0.85
PROP-437260,JLT,Townhouse,1,1,806,1,566471,694566,18,"['security', 'balcony', 'mall']",2025-01-31,2026-08-05T22:00:04.636028,0.85
PROP-347789,Downtown Dubai,Penthouse,5,4,2181,5,3092128,3121587,8,"['parking', 'pool', 'gym']",2025-12-31,2026-08-05T22:00:04.636046,0.85
PROP-919240,Arabian Ranches,Apartment,2,4,1042,13,561410,992953,28,"['balcony', 'mall', 'security', 'gym']",2025-10-03,2026-08-05T22:00:04.636064,0.85
PROP-995528,JLT,Apartment,2,4,1077,31,788808,1024860,40,"['parking', 'metro', 'security', 'pool', 'sea_view']",2025-04-15,2026-08-05T22:00:04.636085,0.85
PROP-449421,Dubai Marina,Townhouse,3,3,1662,1,1450302,2213494,23,"['metro', 'balcony', 'mall', 'security']",2026-05-01,2026-08-05T22:00:04.636103,0.85
PROP-422763,Downtown Dubai,Penthouse,3,3,1296,1,1780178,2382334,15,"['metro', 'security', 'mall', 'parking', 'sea_view']",2025-03-07,2026-08-05T22:00:04.636122,0.85
PROP-830286,Bluewaters,Apartment,2,1,1059,37,1173028,2179178,41,"['sea_view', 'balcony', 'mall', 'security']",2025-06-13,2026-08-05T22:00:04.636142,0.85
PROP-814149,Dubai Marina,Penthouse,4,4,1992,3,2214563,2551168,31,"['parking', 'mall']",2025-03-26,2026-08-05T22:00:04.636160,0.85
PROP-273878,Downtown Dubai,Townhouse,1,1,512,1,680994,914758,33,"['metro', 'sea_view', 'balcony', 'pool', 'gym']",2025-04-26,2026-08-05T22:00:04.636179,0.85
PROP-382089,JLT,Townhouse,3,4,1806,1,1440367,1652194,26,"['gym', 'pool', 'sea_view', 'balcony', 'parking']",2026-02-14,2026-08-05T22:00:04.636202,0.85
PROP-492850,Bluewaters,Villa,6,7,2292,1,3348268,3669370,13,"['metro', 'sea_view', 'parking', 'security', 'gym']",2026-01-24,2026-08-05T22:00:04.636221,0.85
PROP-948485,Downtown Dubai,Villa,4,6,1941,1,2747042,3242239,30,"['parking', 'gym', 'pool']",2025-12-31,2026-08-05T22:00:04.636238,0.85
PROP-167384,Downtown Dubai,Townhouse,2,4,1175,1,1617756,1762118,13,"['metro', 'pool']",2025-10-13,2026-08-05T22:00:04.636255,0.85
PROP-647707,Palm Jumeirah,Apartment,3,3,1764,44,2871058,3186938,21,"['pool', 'mall']",2025-12-11,2026-08-05T22:00:04.636274,0.85
PROP-496818,Dubai Marina,Penthouse,5,6,2712,22,2705420,3439562,30,"['sea_view', 'metro', 'gym', 'parking']",2025-05-24,2026-08-05T22:00:04.636294,0.85
PROP-833232,Arabian Ranches,Apartment,2,3,851,30,586279,868481,47,"['pool', 'balcony', 'mall']",2025-09-06,2026-08-05T22:00:04.636312,0.85
PROP-810860,Downtown Dubai,Townhouse,2,4,1273,1,1625505,1784590,24,"['pool', 'sea_view', 'parking', 'mall']",2025-08-13,2026-08-05T22:00:04.636330,0.85
PROP-645316,JLT,Villa,6,8,3375,1,2377688,3650823,47,"['gym', 'sea_view', 'security', 'parking', 'mall']",2026-01-24,2026-08-05T22:00:04.636348,0.85
PROP-355177,Arabian Ranches,Apartment,1,3,626,44,450164,748799,35,"['mall', 'pool', 'security']",2025-10-28,2026-08-05T22:00:04.636366,0.85
PROP-797802,Downtown Dubai,Villa,3,2,1497,1,1552258,2930198,32,"['balcony', 'gym', 'sea_view', 'parking', 'security']",2026-02-28,2026-08-05T22:00:04.636384,0.85
PROP-405110,Downtown Dubai,Penthouse,3,4,1615,39,1600529,2593585,33,"['metro', 'mall', 'gym', 'sea_view', 'parking']",2026-03-07,2026-08-05T22:00:04.636403,0.85
PROP-544280,Dubai Marina,Apartment,1,2,735,8,724873,855325,19,"['pool', 'parking', 'mall', 'balcony', 'gym']",2025-06-15,2026-08-05T22:00:04.636422,0.85
PROP-254586,Palm Jumeirah,Townhouse,3,3,1662,1,1922504,3002289,40,"['sea_view', 'gym', 'parking', 'metro', 'security']",2025-03-17,2026-08-05T22:00:04.636440,0.85
PROP-838344,Arabian Ranches,Townhouse,1,1,766,1,424466,916979,24,"['mall', 'sea_view', 'gym', 'security']",2025-09-17,2026-08-05T22:00:04.636462,0.85
PROP-954602,JLT,Apartment,2,2,1273,15,1031285,1038475,44,"['mall', 'sea_view', 'security']",2025-08-20,2026-08-05T22:00:04.636480,0.85
PROP-835165,Bluewaters,Villa,3,5,1624,1,2250970,3563362,35,"['metro', 'pool', 'balcony', 'parking', 'sea_view']",2025-12-14,2026-08-05T22:00:04.636500,0.85
PROP-405221,Arabian Ranches,Penthouse,3,3,1693,4,1157934,1884099,35,"['parking', 'security', 'sea_view']",2025-02-22,2026-08-05T22:00:04.636517,0.85
PROP-159067,Downtown Dubai,Villa,4,4,2256,1,2558007,4317272,7,"['metro', 'security', 'sea_view']",2026-02-07,2026-08-05T22:00:04.636535,0.85
PROP-224573,Dubai Marina,Townhouse,2,2,886,1,1003749,1262593,27,"['parking', 'sea_view', 'metro', 'security', 'gym']",2026-06-05,2026-08-05T22:00:04.636552,0.85
PROP-388584,Downtown Dubai,Penthouse,4,5,2292,42,3020159,4275748,29,"['mall', 'metro']",2025-06-11,2026-08-05T22:00:04.636570,0.85
PROP-932929,Bluewaters,Penthouse,4,3,1679,6,1823239,3332555,40,"['security', 'pool', 'balcony', 'sea_view', 'mall', 'gym']",2026-03-22,2026-08-05T22:00:04.636589,0.85
PROP-512925,Arabian Ranches,Villa,6,8,3412,1,1882083,3198992,31,"['parking', 'security']",2026-06-15,2026-08-05T22:00:04.636606,0.85
PROP-229022,Arabian Ranches,Penthouse,3,2,1832,43,1274017,1748093,40,"['pool', 'balcony', 'security']",2025-08-09,2026-08-05T22:00:04.636624,0.85
PROP-543601,Dubai Marina,Villa,4,4,1875,1,1635813,2768501,11,"['balcony', 'parking']",2026-01-31,2026-08-05T22:00:04.636642,0.85
PROP-794804,Bluewaters,Apartment,1,2,726,19,998936,1355407,29,"['sea_view', 'balcony', 'parking', 'metro', 'gym']",2026-03-28,2026-08-05T22:00:04.636661,0.85
PROP-177971,Dubai Marina,Villa,3,3,1411,1,1535437,1703932,13,"['security', 'balcony', 'parking', 'sea_view', 'gym', 'metro']",2025-05-17,2026-08-05T22:00:04.636679,0.85
PROP-849149,Arabian Ranches,Townhouse,2,4,1215,1,699857,1123846,29,"['parking', 'balcony', 'gym', 'pool', 'mall']",2025-12-22,2026-08-05T22:00:04.636697,0.85
PROP-817204,Palm Jumeirah,Villa,6,6,2902,1,3925936,7181905,20,"['balcony', 'pool']",2026-03-26,2026-08-05T22:00:04.636714,0.85
PROP-333020,Arabian Ranches,Penthouse,3,4,1684,24,1175800,1908681,25,"['balcony', 'pool', 'metro']",2025-06-20,2026-08-05T22:00:04.636732,0.85
PROP-150293,JLT,Apartment,1,1,740,38,626338,700695,33,"['balcony', 'mall', 'parking', 'metro']",2026-03-24,2026-08-05T22:00:04.636753,0.85
PROP-249600,Downtown Dubai,Townhouse,2,2,1248,1,1528553,2407657,16,"['parking', 'mall', 'pool', 'balcony', 'gym']",2026-03-13,2026-08-05T22:00:04.636772,0.85
PROP-400752,JLT,Townhouse,1,2,758,1,609026,701508,31,"['mall', 'parking', 'security']",2025-02-06,2026-08-05T22:00:04.636790,0.85
PROP-198181,Palm Jumeirah,Penthouse,5,5,2284,20,3135225,4611203,15,"['gym', 'sea_view']",2025-11-18,2026-08-05T22:00:04.636807,0.85
PROP-525167,Downtown Dubai,Apartment,1,2,843,1,1198610,1394650,20,"['mall', 'security', 'balcony']",2026-03-11,2026-08-05T22:00:04.636827,0.85
PROP-484880,Dubai Marina,Villa,3,5,1960,1,2057765,2395341,32,"['pool', 'balcony', 'security', 'gym', 'metro', 'mall']",2026-04-19,2026-08-05T22:00:04.636846,0.85
PROP-407804,Downtown Dubai,Townhouse,1,3,770,1,802210,1526014,14,"['gym', 'parking', 'metro']",2025-03-15,2026-08-05T22:00:04.636872,0.85
PROP-160289,Palm Jumeirah,Villa,3,5,1471,1,2572717,3635421,29,"['mall', 'balcony']",2025-02-23,2026-08-05T22:00:04.636890,0.85
PROP-551730,Palm Jumeirah,Apartment,3,5,1554,23,1798223,3177627,36,"['metro', 'parking', 'pool']",2026-03-19,2026-08-05T22:00:04.636909,0.85
PROP-482201,JLT,Villa,3,3,1528,1,1335369,1225567,41,"['security', 'mall', 'metro', 'parking']",2025-08-23,2026-08-05T22:00:04.636926,0.85
PROP-216041,JLT,Villa,5,4,2634,1,1708281,2386723,30,"['sea_view', 'metro']",2025-12-15,2026-08-05T22:00:04.636944,0.85
PROP-541550,Downtown Dubai,Townhouse,1,1,766,1,1008885,1486498,9,"['mall', 'sea_view', 'parking']",2026-03-28,2026-08-05T22:00:04.636961,0.85
PROP-460836,JLT,Penthouse,5,5,2469,33,2019144,2524720,43,"['parking', 'pool', 'metro', 'sea_view', 'gym']",2026-01-15,2026-08-05T22:00:04.636979,0.85
PROP-747614,Arabian Ranches,Apartment,3,3,1364,28,974366,1529356,34,"['balcony', 'parking', 'security', 'pool', 'sea_view']",2025-10-22,2026-08-05T22:00:04.636998,0.85
PROP-996398,Downtown Dubai,Villa,4,5,2342,1,3219781,4675930,11,"['security', 'mall', 'sea_view', 'pool', 'gym']",2026-01-13,2026-08-05T22:00:04.637017,0.85
PROP-195352,Arabian Ranches,Villa,4,3,1837,1,898674,2199108,50,"['metro', 'pool', 'balcony']",2025-11-24,2026-08-05T22:00:04.637034,0.85
PROP-468075,Dubai Marina,Penthouse,4,5,2334,15,2102990,3126620,25,"['pool', 'parking', 'mall', 'metro', 'balcony']",2025-09-27,2026-08-05T22:00:04.637053,0.85
PROP-551839,Bluewaters,Penthouse,3,4,1279,3,1304950,2553214,21,"['balcony', 'security', 'parking']",2026-04-03,2026-08-05T22:00:04.637070,0.85
PROP-320235,Downtown Dubai,Townhouse,2,3,1125,1,1140225,2026539,25,"['parking', 'mall', 'metro', 'sea_view', 'balcony', 'pool']",2025-10-02,2026-08-05T22:00:04.637089,0.85
PROP-178516,Arabian Ranches,Penthouse,3,2,1310,3,813214,1537485,41,"['security', 'sea_view', 'mall']",2026-03-16,2026-08-05T22:00:04.637107,0.85
PROP-896241,Arabian Ranches,Townhouse,2,4,1291,1,784997,1221417,25,"['metro', 'balcony', 'sea_view']",2025-10-26,2026-08-05T22:00:04.637124,0.85
PROP-693677,Arabian Ranches,Townhouse,2,4,1182,1,825749,1087809,34,"['pool', 'gym', 'balcony', 'parking', 'metro', 'security']",2026-05-17,2026-08-05T22:00:04.637144,0.85
PROP-293007,Dubai Marina,Villa,6,8,3522,1,3850574,5585079,14,"['metro', 'balcony', 'security', 'sea_view', 'parking']",2025-12-23,2026-08-05T22:00:04.637163,0.85
PROP-279420,Dubai Marina,Villa,4,3,2257,1,2169822,3295873,17,"['security', 'parking', 'sea_view', 'metro']",2026-03-20,2026-08-05T22:00:04.637184,0.85
PROP-963408,Downtown Dubai,Apartment,3,3,1392,41,1435300,2686784,33,"['balcony', 'metro', 'pool']",2025-10-22,2026-08-05T22:00:04.637204,0.85
PROP-160045,Downtown Dubai,Apartment,1,2,799,21,798966,1456798,21,"['parking', 'security', 'balcony', 'mall']",2025-08-17,2026-08-05T22:00:04.637224,0.85
PROP-956526,Bluewaters,Apartment,2,2,1317,12,1525392,2119557,32,"['gym', 'sea_view', 'metro', 'security', 'parking', 'balcony']",2025-12-05,2026-08-05T22:00:04.637243,0.85
PROP-486547,JLT,Villa,5,6,2407,1,1898979,2545321,29,"['mall', 'gym', 'sea_view']",2025-04-19,2026-08-05T22:00:04.637261,0.85
PROP-286367,Downtown Dubai,Penthouse,3,5,1523,12,2058314,2293129,22,"['parking', 'sea_view', 'mall', 'pool', 'metro']",2026-01-29,2026-08-05T22:00:04.637279,0.85
PROP-732599,JLT,Villa,3,3,1422,1,957825,1525435,29,"['parking', 'sea_view']",2026-06-25,2026-08-05T22:00:04.637296,0.85
PROP-930892,Dubai Marina,Penthouse,4,3,1618,42,1806471,1886732,33,"['balcony', 'gym']",2026-06-20,2026-08-05T22:00:04.637313,0.85
PROP-158589,Dubai Marina,Apartment,3,4,1736,13,1441093,2568995,37,"['parking', 'mall', 'metro', 'security', 'gym']",2025-10-23,2026-08-05T22:00:04.637332,0.85
PROP-504103,Arabian Ranches,Townhouse,3,2,1187,1,599050,1173968,37,"['parking', 'pool', 'gym', 'metro', 'sea_view']",2025-04-18,2026-08-05T22:00:04.637350,0.85
PROP-335428,Downtown Dubai,Townhouse,3,4,1517,1,1956395,2774457,32,"['mall', 'gym']",2026-03-14,2026-08-05T22:00:04.637366,0.85
PROP-286717,Dubai Marina,Townhouse,2,1,1284,1,1056226,2005171,38,"['pool', 'balcony']",2026-01-25,2026-08-05T22:00:04.637384,0.85
PROP-378293,JLT,Townhouse,3,3,1886,1,1216594,1886343,26,"['balcony', 'parking', 'pool', 'metro', 'security', 'mall']",2025-06-28,2026-08-05T22:00:04.637403,0.85
PROP-194840,Bluewaters,Apartment,1,1,724,21,796256,1352444,36,"['gym', 'pool', 'balcony', 'security', 'parking']",2026-02-02,2026-08-05T22:00:04.637421,0.85
PROP-664917,Palm Jumeirah,Villa,4,6,2023,1,2904681,4322952,26,"['sea_view', 'gym', 'mall', 'metro', 'security', 'balcony']",2025-02-16,2026-08-05T22:00:04.637440,0.85
PROP-313154,Arabian Ranches,Penthouse,5,5,2382,38,1552066,2520355,45,"['gym', 'mall', 'parking']",2026-06-19,2026-08-05T22:00:04.637457,0.85
PROP-354276,Dubai Marina,Townhouse,3,5,1308,1,1048293,1667273,36,"['balcony', 'security', 'gym']",2025-04-25,2026-08-05T22:00:04.637477,0.85
PROP-978116,Downtown Dubai,Villa,3,3,1313,1,1498370,1858956,34,"['sea_view', 'pool', 'mall', 'metro', 'balcony']",2025-03-01,2026-08-05T22:00:04.637496,0.85
PROP-832497,Arabian Ranches,Villa,3,3,1501,1,748936,1385602,39,"['parking', 'metro', 'gym', 'security', 'sea_view']",2025-01-03,2026-08-05T22:00:04.637514,0.85
PROP-111395,Palm Jumeirah,Penthouse,4,5,1958,19,2271499,3606637,33,"['parking', 'balcony']",2026-01-20,2026-08-05T22:00:04.637532,0.85
PROP-231211,JLT,Penthouse,5,7,2687,37,2016759,2721409,30,"['balcony', 'pool', 'mall']",2025-06-15,2026-08-05T22:00:04.637549,0.85
PROP-967438,Bluewaters,Villa,6,5,2736,1,3062116,5602226,28,"['gym', 'metro', 'sea_view', 'security', 'balcony', 'mall']",2025-05-20,2026-08-05T22:00:04.637573,0.85
PROP-667875,JLT,Villa,3,4,1862,1,1225976,1550152,19,"['sea_view', 'pool', 'gym', 'parking']",2026-02-01,2026-08-05T22:00:04.637591,0.85
PROP-691123,Dubai Marina,Apartment,1,1,801,13,783865,1136774,10,"['balcony', 'pool', 'mall']",2026-06-11,2026-08-05T22:00:04.637608,0.85
PROP-447412,JLT,Apartment,1,2,631,1,564216,647092,47,"['security', 'parking', 'mall', 'metro', 'gym']",2026-03-12,2026-08-05T22:00:04.637626,0.85
PROP-756359,JLT,Apartment,3,3,1468,25,1090850,1557024,18,"['parking', 'gym', 'sea_view', 'security']",2026-04-29,2026-08-05T22:00:04.637644,0.85
PROP-141956,Dubai Marina,Villa,4,4,2366,1,2691632,3196016,32,"['sea_view', 'security', 'gym', 'parking', 'balcony', 'mall']",2025-04-19,2026-08-05T22:00:04.637663,0.85
PROP-673713,Bluewaters,Penthouse,3,3,1656,10,2196065,3637640,14,"['parking', 'metro']",2025-09-09,2026-08-05T22:00:04.637680,0.85
PROP-596250,Dubai Marina,Penthouse,3,5,1476,19,1237080,1830326,20,"['gym', 'pool', 'mall', 'security']",2025-10-25,2026-08-05T22:00:04.637698,0.85
PROP-187546,Palm Jumeirah,Penthouse,5,5,2296,32,2545131,5513390,25,"['parking', 'security', 'mall', 'balcony', 'sea_view']",2025-06-24,2026-08-05T22:00:04.637717,0.85
PROP-494077,Bluewaters,Penthouse,5,7,2206,40,3414475,3605122,36,"['pool', 'gym', 'mall']",2025-09-06,2026-08-05T22:00:04.637734,0.85
PROP-309160,Downtown Dubai,Penthouse,3,3,1683,43,1691215,2826643,24,"['mall', 'pool', 'metro', 'gym', 'sea_view', 'balcony']",2025-04-25,2026-08-05T22:00:04.637759,0.85
PROP-252582,JLT,Townhouse,1,2,785,1,521075,802572,20,"['mall', 'pool', 'balcony', 'gym']",2025-03-22,2026-08-05T22:00:04.637777,0.85
PROP-382956,Bluewaters,Villa,5,4,2809,1,2959832,5857102,36,"['mall', 'gym', 'pool', 'metro', 'sea_view']",2025-04-23,2026-08-05T22:00:04.637794,0.85
PROP-196931,Palm Jumeirah,Villa,3,3,1341,1,1839381,2693848,35,"['metro', 'balcony', 'gym', 'parking', 'sea_view']",2026-05-07,2026-08-05T22:00:04.637814,0.85
PROP-962994,JLT,Townhouse,2,2,1078,1,951423,1018157,34,"['metro', 'parking', 'sea_view']",2025-05-30,2026-08-05T22:00:04.637831,0.85
PROP-930489,Dubai Marina,Villa,3,3,1558,1,1223197,2412174,38,"['mall', 'metro', 'parking']",2026-03-04,2026-08-05T22:00:04.637849,0.85
PROP-540586,Bluewaters,Penthouse,4,3,2024,41,2555578,4415709,14,"['security', 'sea_view']",2026-01-11,2026-08-05T22:00:04.637872,0.85
PROP-116977,Bluewaters,Villa,6,6,2841,1,4358899,6202035,29,"['sea_view', 'metro']",2025-06-30,2026-08-05T22:00:04.637892,0.85
PROP-902245,Palm Jumeirah,Townhouse,3,2,1942,1,3004694,4115482,26,"['sea_view', 'metro', 'balcony', 'security']",2025-01-21,2026-08-05T22:00:04.637910,0.85
PROP-191876,Palm Jumeirah,Apartment,1,3,750,12,1108486,1435394,26,"['balcony', 'metro', 'sea_view', 'security', 'parking']",2026-03-31,2026-08-05T22:00:04.637929,0.85
PROP-993077,Dubai Marina,Apartment,3,2,1831,7,1755390,2702305,38,"['gym', 'sea_view', 'security', 'balcony', 'pool', 'parking']",2025-09-05,2026-08-05T22:00:04.637954,0.85
PROP-532993,JLT,Villa,4,6,2259,1,1432997,2387543,47,"['sea_view', 'metro']",2025-03-01,2026-08-05T22:00:04.637971,0.85
PROP-134261,Bluewaters,Penthouse,3,4,1864,33,2186744,3966152,19,"['metro', 'sea_view', 'gym', 'pool']",2025-05-19,2026-08-05T22:00:04.637988,0.85
PROP-968797,Dubai Marina,Apartment,1,2,744,22,625962,1031253,22,"['metro', 'gym', 'balcony']",2025-06-07,2026-08-05T22:00:04.638006,0.85
PROP-224122,Dubai Marina,Penthouse,3,5,1796,26,1985481,2440114,22,"['gym', 'sea_view', 'mall']",2025-02-13,2026-08-05T22:00:04.638023,0.85
PROP-699569,Bluewaters,Penthouse,5,6,2636,21,2978763,4365108,24,"['parking', 'pool']",2026-04-23,2026-08-05T22:00:04.638040,0.85
PROP-791281,JLT,Apartment,3,3,1681,12,1129491,1797615,26,"['security', 'sea_view', 'mall']",2025-10-17,2026-08-05T22:00:04.638058,0.85
PROP-212278,Dubai Marina,Townhouse,1,1,621,1,627097,862989,12,"['mall', 'balcony']",2026-03-21,2026-08-05T22:00:04.638075,0.85
PROP-533843,Downtown Dubai,Townhouse,2,2,885,1,1059555,1430901,30,"['metro', 'pool', 'security']",2026-06-14,2026-08-05T22:00:04.638092,0.85
PROP-791710,Dubai Marina,Penthouse,5,4,2329,25,2562591,3299671,23,"['parking', 'mall', 'pool']",2026-01-12,2026-08-05T22:00:04.638110,0.85
PROP-643157,Arabian Ranches,Apartment,1,2,785,40,489838,707680,37,"['gym', 'mall', 'balcony', 'pool']",2026-06-06,2026-08-05T22:00:04.638129,0.85
PROP-196437,Arabian Ranches,Villa,4,5,1727,1,841186,1626090,23,"['balcony', 'parking', 'security']",2025-12-21,2026-08-05T22:00:04.638146,0.85
PROP-511907,Palm Jumeirah,Townhouse,2,4,1284,1,2261597,3140206,21,"['security', 'sea_view', 'metro']",2025-10-01,2026-08-05T22:00:04.638165,0.85
PROP-550167,Dubai Marina,Townhouse,1,1,883,1,826531,1168278,28,"['sea_view', 'balcony', 'pool', 'metro']",2025-06-11,2026-08-05T22:00:04.638187,0.85
PROP-220219,Downtown Dubai,Townhouse,2,1,1115,1,1546433,2201967,12,"['metro', 'parking', 'balcony', 'sea_view', 'mall', 'gym']",2026-06-24,2026-08-05T22:00:04.638207,0.85
PROP-821726,Downtown Dubai,Townhouse,2,2,1107,1,1101318,1986149,15,"['sea_view', 'pool', 'metro']",2025-08-29,2026-08-05T22:00:04.638224,0.85
PROP-851058,Dubai Marina,Townhouse,1,3,759,1,837592,1048042,21,"['security', 'balcony', 'gym', 'pool']",2025-10-04,2026-08-05T22:00:04.638242,0.85
PROP-574779,Arabian Ranches,Apartment,3,5,1894,21,1278856,1817189,22,"['mall', 'pool', 'parking', 'security', 'metro']",2026-03-09,2026-08-05T22:00:04.638260,0.85
PROP-141020,Downtown Dubai,Townhouse,3,5,1625,1,1576589,2292390,29,"['pool', 'security', 'parking', 'gym', 'metro', 'mall']",2025-01-13,2026-08-05T22:00:04.638279,0.85
PROP-512433,Palm Jumeirah,Apartment,1,3,686,20,876546,1596723,25,"['sea_view', 'security']",2026-05-24,2026-08-05T22:00:04.638296,0.85
PROP-337336,Palm Jumeirah,Penthouse,4,3,1932,2,2398172,4593947,17,"['sea_view', 'metro']",2025-04-29,2026-08-05T22:00:04.638317,0.85
PROP-178687,Downtown Dubai,Apartment,1,2,589,45,810845,916373,29,"['gym', 'pool']",2025-08-30,2026-08-05T22:00:04.638334,0.85
PROP-767841,Palm Jumeirah,Townhouse,3,5,1444,1,2521076,3188954,16,"['sea_view', 'metro', 'gym']",2025-05-23,2026-08-05T22:00:04.638352,0.85
PROP-685645,JLT,Apartment,3,3,1835,43,1370802,1622438,41,"['security', 'pool', 'parking', 'sea_view', 'metro']",2025-06-29,2026-08-05T22:00:04.638370,0.85
PROP-638891,Downtown Dubai,Villa,3,2,1558,1,1654577,2807982,18,"['security', 'mall', 'pool', 'parking', 'gym']",2025-01-24,2026-08-05T22:00:04.638388,0.85
PROP-312882,Palm Jumeirah,Townhouse,3,5,1729,1,2922737,3240080,17,"['sea_view', 'security', 'metro']",2025-02-09,2026-08-05T22:00:04.638405,0.85
PROP-881216,JLT,Villa,3,4,1558,1,1255560,1691128,35,"['parking', 'security']",2026-03-14,2026-08-05T22:00:04.638422,0.85
PROP-552432,Dubai Marina,Villa,3,5,1427,1,1127745,2041955,23,"['balcony', 'pool', 'mall', 'metro']",2025-07-16,2026-08-05T22:00:04.638439,0.85
PROP-303352,Downtown Dubai,Villa,6,8,3150,1,3104373,4925192,7,"['metro', 'sea_view']",2025-05-23,2026-08-05T22:00:04.638456,0.85
PROP-216478,Palm Jumeirah,Villa,6,6,3253,1,4753560,6979413,26,"['pool', 'sea_view']",2025-10-29,2026-08-05T22:00:04.638472,0.85
PROP-619225,Downtown Dubai,Apartment,1,1,733,16,726847,1070633,11,"['metro', 'security', 'mall', 'pool', 'gym', 'parking']",2025-10-24,2026-08-05T22:00:04.638493,0.85
PROP-874992,Downtown Dubai,Villa,4,5,2299,1,2985963,3615837,4,"['parking', 'balcony']",2025-03-31,2026-08-05T22:00:04.638510,0.85
PROP-450281,Palm Jumeirah,Villa,4,5,2231,1,2677165,4534526,27,"['pool', 'sea_view', 'security']",2025-04-27,2026-08-05T22:00:04.638528,0.85
PROP-595523,Dubai Marina,Villa,5,4,2069,1,2056258,3278890,27,"['mall', 'metro']",2025-10-29,2026-08-05T22:00:04.638545,0.85
PROP-574602,Dubai Marina,Apartment,1,2,776,33,652018,910474,12,"['balcony', 'metro']",2025-08-15,2026-08-05T22:00:04.638563,0.85
PROP-218238,JLT,Townhouse,3,4,1906,1,1288572,1787113,43,"['balcony', 'sea_view', 'parking', 'mall']",2025-02-13,2026-08-05T22:00:04.638580,0.85
PROP-769760,Palm Jumeirah,Apartment,1,3,578,23,831417,1139271,36,"['sea_view', 'gym', 'mall', 'pool', 'metro']",2025-06-09,2026-08-05T22:00:04.638599,0.85
PROP-299829,Dubai Marina,Townhouse,3,5,1641,1,1436714,2362273,37,"['metro', 'balcony', 'security', 'parking']",2025-08-17,2026-08-05T22:00:04.638617,0.85
PROP-813999,Dubai Marina,Townhouse,3,2,1712,1,1684605,2561601,20,"['gym', 'pool', 'security', 'mall']",2025-03-26,2026-08-05T22:00:04.638634,0.85
PROP-612089,Downtown Dubai,Townhouse,3,3,1630,1,1790334,3064189,4,"['pool', 'gym', 'parking', 'balcony', 'mall']",2026-06-08,2026-08-05T22:00:04.638653,0.85
PROP-553038,Palm Jumeirah,Apartment,2,3,1138,4,1435054,2327383,22,"['parking', 'pool', 'sea_view', 'mall', 'gym', 'balcony']",2025-12-25,2026-08-05T22:00:04.638675,0.85
PROP-691299,Arabian Ranches,Apartment,2,2,1058,23,570997,1167555,33,"['metro', 'pool', 'parking', 'sea_view', 'balcony']",2026-01-07,2026-08-05T22:00:04.638693,0.85
PROP-672344,JLT,Townhouse,3,3,1774,1,1197460,1640761,23,"['balcony', 'pool', 'parking', 'mall']",2025-03-28,2026-08-05T22:00:04.638711,0.85
PROP-530187,Downtown Dubai,Penthouse,4,3,1909,29,2468688,3249669,25,"['mall', 'parking', 'security', 'sea_view']",2025-05-07,2026-08-05T22:00:04.638729,0.85
PROP-156136,JLT,Apartment,3,2,1953,6,1614656,1922850,26,"['sea_view', 'gym', 'balcony']",2025-09-13,2026-08-05T22:00:04.638755,0.85
PROP-692910,JLT,Villa,6,5,3173,1,2341884,2590132,18,"['gym', 'parking', 'balcony', 'pool']",2025-09-24,2026-08-05T22:00:04.638775,0.85
PROP-243028,JLT,Townhouse,1,1,938,1,752579,958456,18,"['parking', 'balcony', 'sea_view']",2025-02-26,2026-08-05T22:00:04.638793,0.85
PROP-733120,Downtown Dubai,Villa,5,6,2773,1,3734388,4919852,10,"['gym', 'pool']",2026-02-20,2026-08-05T22:00:04.638810,0.85
PROP-292984,Dubai Marina,Apartment,1,1,718,2,775283,949129,10,"['balcony', 'security']",2025-03-18,2026-08-05T22:00:04.638827,0.85
PROP-599288,Downtown Dubai,Townhouse,3,5,1717,1,2004648,3059210,9,"['security', 'gym', 'balcony']",2026-01-03,2026-08-05T22:00:04.638845,0.85
PROP-255363,JLT,Townhouse,2,1,1352,1,960192,1193213,29,"['mall', 'security']",2025-04-28,2026-08-05T22:00:04.638873,0.85
PROP-390354,Dubai Marina,Townhouse,2,1,1287,1,1008965,1610527,29,"['mall', 'pool', 'parking', 'gym', 'security', 'sea_view']",2025-03-25,2026-08-05T22:00:04.638893,0.85
PROP-581801,Dubai Marina,Villa,5,5,2563,1,2359561,2899734,29,"['sea_view', 'mall', 'metro']",2025-07-25,2026-08-05T22:00:04.638910,0.85
PROP-831663,Bluewaters,Villa,5,6,2384,1,3611107,4737199,23,"['parking', 'balcony', 'sea_view', 'metro', 'mall']",2026-03-03,2026-08-05T22:00:04.638928,0.85
PROP-439381,Palm Jumeirah,Townhouse,3,5,1224,1,1347937,2831129,20,"['gym', 'security']",2025-03-16,2026-08-05T22:00:04.638945,0.85
PROP-987936,Downtown Dubai,Villa,3,3,1904,1,2518593,3145472,6,"['balcony', 'pool']",2026-06-22,2026-08-05T22:00:04.638961,0.85
PROP-558767,Bluewaters,Apartment,2,3,1125,12,1342604,2271639,23,"['security', 'gym', 'parking']",2025-02-26,2026-08-05T22:00:04.638979,0.85
PROP-313426,Bluewaters,Townhouse,1,1,721,1,904418,1382241,36,"['gym', 'balcony', 'pool']",2026-03-24,2026-08-05T22:00:04.639007,0.85
PROP-625179,Dubai Marina,Villa,3,4,1952,1,1921912,2990943,19,"['mall', 'gym', 'metro']",2025-03-19,2026-08-05T22:00:04.639031,0.85
PROP-341773,Palm Jumeirah,Townhouse,3,3,1425,1,1977627,2940177,15,"['gym', 'mall', 'balcony', 'parking', 'pool', 'security']",2025-02-26,2026-08-05T22:00:04.639051,0.85
PROP-994640,Dubai Marina,Townhouse,1,1,652,1,600200,833877,36,"['balcony', 'pool', 'mall']",2025-10-26,2026-08-05T22:00:04.639084,0.85
PROP-373553,Arabian Ranches,Townhouse,2,1,1134,1,702927,1339342,29,"['pool', 'parking']",2025-05-02,2026-08-05T22:00:04.639110,0.85
PROP-944797,Downtown Dubai,Townhouse,1,1,782,1,1057299,1249452,28,"['security', 'mall']",2026-04-25,2026-08-05T22:00:04.639127,0.85
PROP-632261,Arabian Ranches,Apartment,2,1,1053,36,626435,988597,44,"['gym', 'pool']",2025-01-30,2026-08-05T22:00:04.639145,0.85
PROP-679334,Downtown Dubai,Townhouse,2,4,1070,1,1038213,1533538,28,"['metro', 'sea_view', 'mall']",2026-06-20,2026-08-05T22:00:04.639163,0.85
PROP-557729,JLT,Apartment,2,4,1220,28,988689,1177133,20,"['gym', 'balcony', 'parking', 'sea_view', 'mall']",2025-07-30,2026-08-05T22:00:04.639185,0.85
PROP-232871,Dubai Marina,Villa,4,3,2105,1,1814015,3102218,37,"['pool', 'metro', 'mall', 'gym', 'sea_view', 'security']",2026-05-02,2026-08-05T22:00:04.639205,0.85
PROP-788484,JLT,Villa,5,4,2429,1,1896380,2592052,26,"['metro', 'security', 'sea_view']",2026-03-07,2026-08-05T22:00:04.639223,0.85
PROP-209448,Dubai Marina,Apartment,2,2,1234,15,1159559,1544177,20,"['balcony', 'metro', 'sea_view', 'gym', 'parking', 'mall']",2025-02-16,2026-08-05T22:00:04.639243,0.85
PROP-228710,Dubai Marina,Townhouse,2,4,982,1,837920,1147531,25,"['balcony', 'sea_view', 'mall']",2025-12-08,2026-08-05T22:00:04.639260,0.85
PROP-383428,Palm Jumeirah,Villa,3,3,1909,1,2955005,4042563,16,"['mall', 'metro']",2026-06-16,2026-08-05T22:00:04.639279,0.85
PROP-791982,Palm Jumeirah,Penthouse,4,3,1702,40,2308650,3086056,25,"['mall', 'pool', 'gym', 'sea_view', 'security']",2026-01-04,2026-08-05T22:00:04.639299,0.85
PROP-457506,JLT,Apartment,3,4,1451,23,1278573,1556946,41,"['balcony', 'metro', 'mall', 'gym']",2026-05-28,2026-08-05T22:00:04.639317,0.85
PROP-590033,Bluewaters,Penthouse,4,3,1891,25,2901428,4083583,20,"['mall', 'security', 'balcony', 'sea_view', 'parking', 'pool']",2025-06-21,2026-08-05T22:00:04.639338,0.85
PROP-479264,Bluewaters,Villa,4,3,1924,1,2051349,3366922,28,"['sea_view', 'balcony', 'security', 'pool']",2025-10-01,2026-08-05T22:00:04.639355,0.85
PROP-109301,Palm Jumeirah,Townhouse,3,2,1400,1,2084988,2834569,21,"['mall', 'security', 'pool']",2025-04-21,2026-08-05T22:00:04.639372,0.85
PROP-903184,JLT,Apartment,2,4,1410,14,1018842,1373158,19,"['sea_view', 'pool', 'security', 'gym']",2025-10-26,2026-08-05T22:00:04.639390,0.85
PROP-817688,Palm Jumeirah,Townhouse,2,2,1005,1,1191698,2243727,14,"['gym', 'sea_view', 'pool']",2026-01-15,2026-08-05T22:00:04.639407,0.85
PROP-729752,Arabian Ranches,Penthouse,5,6,2183,15,1079701,2432658,29,"['pool', 'sea_view', 'parking', 'balcony']",2026-05-23,2026-08-05T22:00:04.639425,0.85
PROP-773067,Downtown Dubai,Townhouse,1,1,806,1,817548,1165854,10,"['sea_view', 'metro', 'mall', 'security']",2026-05-14,2026-08-05T22:00:04.639444,0.85
PROP-486192,JLT,Townhouse,1,1,717,1,502255,661390,37,"['mall', 'parking', 'balcony', 'pool']",2026-01-16,2026-08-05T22:00:04.639463,0.85
PROP-499601,Dubai Marina,Townhouse,1,1,585,1,626472,792907,33,"['sea_view', 'gym', 'security', 'balcony', 'pool', 'parking']",2026-01-31,2026-08-05T22:00:04.639481,0.85
PROP-791218,Bluewaters,Apartment,1,1,851,37,1157679,1736355,28,"['pool', 'balcony']",2025-03-12,2026-08-05T22:00:04.639499,0.85
PROP-566624,Arabian Ranches,Penthouse,4,5,1990,19,1390326,1987224,46,"['security', 'mall', 'parking', 'pool']",2025-10-17,2026-08-05T22:00:04.639517,0.85
PROP-914165,Bluewaters,Penthouse,4,3,2146,33,2277506,3900093,26,"['security', 'mall', 'metro', 'gym', 'balcony', 'parking']",2025-11-02,2026-08-05T22:00:04.639535,0.85
PROP-576126,JLT,Villa,5,6,2445,1,1553526,2255636,33,"['mall', 'sea_view', 'gym']",2025-12-31,2026-08-05T22:00:04.639553,0.85
PROP-823566,Dubai Marina,Villa,3,5,1634,1,1692983,2181275,12,"['pool', 'metro', 'security']",2026-06-30,2026-08-05T22:00:04.639570,0.85
PROP-857260,Downtown Dubai,Apartment,1,3,739,9,852150,1281547,26,"['gym', 'parking', 'metro', 'balcony']",2026-03-22,2026-08-05T22:00:04.639588,0.85
PROP-108161,Dubai Marina,Apartment,3,4,1701,41,1602191,2581101,18,"['parking', 'sea_view', 'gym', 'balcony', 'pool']",2026-02-13,2026-08-05T22:00:04.639607,0.85
PROP-150633,Arabian Ranches,Townhouse,3,5,1605,1,939343,1689423,39,"['gym', 'mall', 'parking', 'security']",2025-07-13,2026-08-05T22:00:04.639624,0.85
PROP-204298,Arabian Ranches,Penthouse,4,5,2055,12,1456672,1875352,51,"['metro', 'balcony', 'parking']",2025-07-29,2026-08-05T22:00:04.639643,0.85
PROP-247852,Palm Jumeirah,Townhouse,1,1,663,1,948340,1297188,18,"['balcony', 'mall', 'pool', 'gym']",2025-10-06,2026-08-05T22:00:04.639660,0.85
PROP-313008,Dubai Marina,Villa,4,3,2132,1,2399669,2920658,34,"['pool', 'security', 'mall']",2025-06-19,2026-08-05T22:00:04.639678,0.85
PROP-375834,Palm Jumeirah,Penthouse,5,7,2579,30,3332991,4840087,35,"['mall', 'security']",2025-02-11,2026-08-05T22:00:04.639697,0.85
PROP-761257,Dubai Marina,Villa,5,4,2340,1,2452179,2834256,11,"['parking', 'balcony', 'mall', 'sea_view']",2025-04-17,2026-08-05T22:00:04.639714,0.85
PROP-357859,Bluewaters,Apartment,3,4,1398,7,2129823,2902972,21,"['pool', 'sea_view', 'metro']",2026-07-07,2026-08-05T22:00:04.639732,0.85
PROP-998794,Downtown Dubai,Penthouse,3,3,1591,10,1897368,2406010,19,"['parking', 'gym', 'sea_view', 'pool']",2025-02-04,2026-08-05T22:00:04.639753,0.85
PROP-743173,Bluewaters,Villa,3,5,1452,1,1918350,2504886,16,"['metro', 'sea_view']",2025-10-24,2026-08-05T22:00:04.639770,0.85
PROP-669810,JLT,Villa,5,7,2617,1,2259431,2753627,45,"['mall', 'security', 'sea_view', 'metro']",2025-06-21,2026-08-05T22:00:04.639788,0.85
PROP-830824,JLT,Townhouse,1,1,625,1,453673,583844,24,"['gym', 'mall', 'security', 'parking', 'pool']",2025-07-22,2026-08-05T22:00:04.639808,0.85
PROP-531204,JLT,Villa,6,8,3328,1,2682922,2691316,25,"['security', 'metro', 'mall', 'pool', 'parking', 'gym']",2025-08-20,2026-08-05T22:00:04.639828,0.85
PROP-332060,JLT,Penthouse,4,6,1791,18,1335462,1550440,37,"['balcony', 'security']",2025-05-06,2026-08-05T22:00:04.639845,0.85
PROP-469833,Arabian Ranches,Villa,4,3,2296,1,1173282,2438191,51,"['metro', 'pool']",2025-07-09,2026-08-05T22:00:04.639869,0.85
PROP-447605,Arabian Ranches,Apartment,3,2,1653,24,1005872,1976269,47,"['metro', 'mall', 'sea_view', 'gym', 'parking', 'pool']",2025-06-02,2026-08-05T22:00:04.639891,0.85
PROP-341177,JLT,Villa,4,3,1546,1,1277825,1481016,33,"['mall', 'pool', 'gym', 'parking', 'balcony']",2026-06-09,2026-08-05T22:00:04.639910,0.85
PROP-177479,Bluewaters,Villa,3,4,1786,1,2605805,3262511,23,"['balcony', 'metro', 'pool']",2026-04-26,2026-08-05T22:00:04.639927,0.85
PROP-637243,Arabian Ranches,Penthouse,3,2,1997,39,1399006,1854548,39,"['security', 'metro', 'balcony', 'parking', 'sea_view']",2025-04-18,2026-08-05T22:00:04.639946,0.85
PROP-606828,Bluewaters,Apartment,2,3,1137,7,1321996,2266757,26,"['balcony', 'security', 'pool', 'gym', 'metro']",2025-09-28,2026-08-05T22:00:04.639964,0.85
PROP-516650,Palm Jumeirah,Villa,6,5,3163,1,5582850,7382094,35,"['mall', 'gym']",2026-06-06,2026-08-05T22:00:04.639980,0.85
PROP-317770,Downtown Dubai,Penthouse,4,6,2131,42,2363476,3167225,24,"['gym', 'balcony']",2026-01-20,2026-08-05T22:00:04.639997,0.85
PROP-531865,JLT,Villa,3,3,1701,1,1287693,1789273,41,"['pool', 'metro', 'security']",2025-10-10,2026-08-05T22:00:04.640017,0.85
PROP-783680,Palm Jumeirah,Townhouse,1,1,821,1,1240601,1978609,21,"['mall', 'balcony', 'security']",2025-08-29,2026-08-05T22:00:04.640036,0.85
PROP-493935,Downtown Dubai,Townhouse,2,4,1346,1,1846918,2686149,6,"['metro', 'sea_view']",2026-05-12,2026-08-05T22:00:04.640052,0.85
PROP-885376,Downtown Dubai,Apartment,1,1,593,29,816845,870641,32,"['mall', 'gym', 'sea_view', 'balcony', 'security']",2026-02-11,2026-08-05T22:00:04.640070,0.85
PROP-248391,Arabian Ranches,Penthouse,4,3,1860,28,1337300,2075728,49,"['sea_view', 'balcony', 'parking', 'metro']",2025-12-30,2026-08-05T22:00:04.640088,0.85
PROP-110298,Palm Jumeirah,Villa,5,6,2686,1,3308196,5455599,36,"['parking', 'balcony', 'sea_view']",2025-03-02,2026-08-05T22:00:04.640105,0.85
PROP-164076,Palm Jumeirah,Penthouse,3,3,1544,1,2014186,2982038,35,"['mall', 'parking']",2026-03-27,2026-08-05T22:00:04.640122,0.85
PROP-960623,Arabian Ranches,Penthouse,5,5,2114,41,1298413,2045947,41,"['security', 'parking']",2025-09-07,2026-08-05T22:00:04.640139,0.85
PROP-691040,JLT,Townhouse,2,4,1217,1,927725,1214335,19,"['parking', 'pool', 'sea_view', 'gym', 'mall', 'metro']",2025-10-21,2026-08-05T22:00:04.640158,0.85
PROP-942377,Dubai Marina,Villa,6,7,3223,1,3635534,4733403,28,"['security', 'gym', 'pool', 'metro', 'balcony']",2026-04-06,2026-08-05T22:00:04.640177,0.85
PROP-442978,Arabian Ranches,Villa,4,4,1984,1,1106280,2318871,22,"['mall', 'security', 'sea_view']",2025-03-18,2026-08-05T22:00:04.640202,0.85
PROP-980673,Palm Jumeirah,Apartment,1,3,743,31,992346,1773581,23,"['gym', 'balcony', 'mall', 'sea_view', 'parking', 'security']",2026-02-17,2026-08-05T22:00:04.640222,0.85
PROP-908184,JLT,Penthouse,4,5,2261,36,1966908,2251114,22,"['sea_view', 'metro']",2025-03-24,2026-08-05T22:00:04.640239,0.85
PROP-478526,Bluewaters,Townhouse,3,5,1598,1,2386132,3439477,17,"['sea_view', 'gym', 'mall', 'pool', 'metro']",2025-04-23,2026-08-05T22:00:04.640257,0.85
PROP-772844,Arabian Ranches,Villa,3,4,1450,1,1013042,1703376,37,"['balcony', 'pool']",2025-09-21,2026-08-05T22:00:04.640273,0.85
PROP-487484,JLT,Penthouse,3,4,1389,37,1176479,1470889,46,"['mall', 'security', 'gym', 'metro', 'pool']",2026-05-12,2026-08-05T22:00:04.640292,0.85
PROP-993990,Dubai Marina,Villa,4,4,1798,1,1942313,2085164,23,"['sea_view', 'pool']",2025-10-02,2026-08-05T22:00:04.640309,0.85
PROP-965125,Downtown Dubai,Apartment,2,3,1248,38,1630668,2021452,4,"['metro', 'mall', 'sea_view', 'pool', 'balcony']",2026-01-16,2026-08-05T22:00:04.640328,0.85
PROP-223432,Arabian Ranches,Villa,5,4,2297,1,1127096,2486637,43,"['metro', 'gym', 'sea_view', 'pool', 'parking', 'mall']",2025-06-29,2026-08-05T22:00:04.640346,0.85
PROP-903966,Palm Jumeirah,Penthouse,5,4,2807,6,3266529,5230544,36,"['parking', 'mall']",2026-06-10,2026-08-05T22:00:04.640363,0.85
PROP-840204,Downtown Dubai,Apartment,1,2,608,16,673503,1099588,34,"['parking', 'mall', 'pool']",2025-06-09,2026-08-05T22:00:04.640383,0.85
PROP-377395,Palm Jumeirah,Villa,5,5,2731,1,3763502,6512595,21,"['parking', 'mall', 'metro']",2025-04-21,2026-08-05T22:00:04.640399,0.85
PROP-836296,Dubai Marina,Penthouse,4,5,2123,29,2289910,3064592,14,"['metro', 'gym']",2025-12-19,2026-08-05T22:00:04.640417,0.85
PROP-590406,JLT,Townhouse,3,4,1484,1,1201885,1411476,43,"['gym', 'balcony', 'mall', 'parking']",2025-11-12,2026-08-05T22:00:04.640434,0.85
PROP-541878,Palm Jumeirah,Apartment,1,1,642,30,964612,1322903,25,"['pool', 'parking', 'sea_view', 'mall', 'metro', 'balcony']",2026-01-30,2026-08-05T22:00:04.640453,0.85
PROP-722408,JLT,Townhouse,2,1,1077,1,745157,1012436,22,"['mall', 'metro']",2025-04-03,2026-08-05T22:00:04.640472,0.85
PROP-546582,Arabian Ranches,Penthouse,5,7,2579,17,1685658,2786048,36,"['balcony', 'pool', 'gym', 'mall', 'metro']",2025-04-25,2026-08-05T22:00:04.640490,0.85
PROP-424296,Palm Jumeirah,Penthouse,5,4,2317,11,4041067,5608568,43,"['security', 'balcony', 'gym', 'sea_view', 'parking', 'pool']",2026-03-23,2026-08-05T22:00:04.640511,0.85
PROP-347656,Downtown Dubai,Townhouse,2,4,1119,1,1074692,1665625,32,"['balcony', 'parking', 'pool']",2025-12-27,2026-08-05T22:00:04.640528,0.85
PROP-840529,Downtown Dubai,Penthouse,3,3,1551,24,1492641,2319672,7,"['metro', 'sea_view', 'gym', 'security', 'balcony']",2025-04-11,2026-08-05T22:00:04.640548,0.85
PROP-332463,Downtown Dubai,Apartment,2,2,1030,26,1371099,1996977,30,"['metro', 'balcony', 'pool', 'parking', 'security']",2026-06-09,2026-08-05T22:00:04.640568,0.85
PROP-146397,Arabian Ranches,Villa,4,5,2042,1,1225913,1838774,40,"['gym', 'sea_view', 'mall', 'metro', 'security']",2025-12-16,2026-08-05T22:00:04.640586,0.85
PROP-542223,Downtown Dubai,Townhouse,2,1,1168,1,1487963,1933538,13,"['metro', 'sea_view', 'security', 'pool']",2025-10-29,2026-08-05T22:00:04.640604,0.85
PROP-112151,Downtown Dubai,Villa,6,5,2956,1,3329099,5437864,24,"['pool', 'gym', 'parking', 'metro', 'security']",2025-04-03,2026-08-05T22:00:04.640622,0.85
PROP-923650,JLT,Penthouse,4,3,2025,17,1665804,1690444,42,"['sea_view', 'metro', 'security', 'parking', 'balcony']",2026-03-02,2026-08-05T22:00:04.640640,0.85
PROP-587339,Downtown Dubai,Penthouse,5,7,2750,10,2649182,5414532,26,"['balcony', 'gym', 'mall', 'sea_view', 'security', 'metro']",2026-05-22,2026-08-05T22:00:04.640659,0.85
PROP-407484,Palm Jumeirah,Apartment,1,3,754,4,1297030,1719475,21,"['sea_view', 'mall', 'parking', 'pool', 'metro']",2026-01-13,2026-08-05T22:00:04.640677,0.85
PROP-188129,Palm Jumeirah,Penthouse,3,5,1551,41,1714852,2913054,36,"['metro', 'gym']",2026-01-02,2026-08-05T22:00:04.640694,0.85
PROP-442452,Arabian Ranches,Apartment,1,1,864,28,599833,867124,35,"['security', 'metro', 'sea_view', 'balcony', 'mall', 'pool']",2026-04-14,2026-08-05T22:00:04.640712,0.85
PROP-222080,Palm Jumeirah,Apartment,1,1,809,6,1070465,1816786,22,"['metro', 'pool', 'gym', 'parking', 'mall']",2025-04-27,2026-08-05T22:00:04.640731,0.85
PROP-804055,Downtown Dubai,Townhouse,2,2,1179,1,1343627,1985142,28,"['balcony', 'sea_view', 'metro', 'gym', 'parking']",2025-02-10,2026-08-05T22:00:04.640755,0.85
PROP-201866,Dubai Marina,Penthouse,3,4,1359,27,1161359,2026303,30,"['balcony', 'parking', 'security']",2025-08-15,2026-08-05T22:00:04.640773,0.85
PROP-684745,Downtown Dubai,Villa,3,4,1350,1,1692178,2479812,23,"['metro', 'sea_view', 'balcony', 'parking', 'security']",2025-03-13,2026-08-05T22:00:04.640791,0.85
PROP-522511,Dubai Marina,Townhouse,2,3,1203,1,1004072,1837195,24,"['parking', 'sea_view', 'security']",2025-10-24,2026-08-05T22:00:04.640808,0.85
PROP-131000,Dubai Marina,Apartment,3,5,1755,6,1500030,2794722,20,"['balcony', 'metro', 'parking', 'security']",2025-03-25,2026-08-05T22:00:04.640826,0.85
PROP-201690,Downtown Dubai,Villa,5,7,2391,1,3157713,3754665,27,"['security', 'mall', 'balcony', 'gym', 'metro']",2026-03-05,2026-08-05T22:00:04.640845,0.85
PROP-907927,JLT,Villa,4,3,2232,1,1458805,1892145,41,"['metro', 'parking', 'gym', 'security', 'mall']",2025-08-02,2026-08-05T22:00:04.640873,0.85
PROP-402417,Palm Jumeirah,Apartment,3,4,1808,35,2463155,4341622,28,"['balcony', 'metro', 'security', 'gym', 'mall']",2025-05-25,2026-08-05T22:00:04.640892,0.85
PROP-739323,Dubai Marina,Townhouse,2,2,1198,1,1099772,1709009,22,"['security', 'sea_view', 'pool', 'balcony', 'gym']",2026-02-23,2026-08-05T22:00:04.640911,0.85
PROP-678874,Arabian Ranches,Apartment,3,5,1331,40,718721,1425223,36,"['sea_view', 'pool']",2025-05-28,2026-08-05T22:00:04.640930,0.85
PROP-132390,Arabian Ranches,Villa,4,6,1998,1,1043057,2359922,50,"['sea_view', 'gym', 'parking']",2026-04-11,2026-08-05T22:00:04.640949,0.85
PROP-356757,Downtown Dubai,Penthouse,4,4,2427,16,3258106,4814399,20,"['sea_view', 'metro']",2026-02-03,2026-08-05T22:00:04.640966,0.85
PROP-604163,JLT,Apartment,1,1,832,34,747685,880797,19,"['balcony', 'sea_view', 'mall', 'pool', 'metro']",2025-04-24,2026-08-05T22:00:04.640985,0.85
PROP-894758,Bluewaters,Apartment,2,4,1190,24,1470473,2566156,31,"['metro', 'mall', 'pool', 'sea_view', 'gym']",2025-10-10,2026-08-05T22:00:04.641003,0.85
PROP-843527,Arabian Ranches,Apartment,3,3,1640,43,920958,1925183,46,"['security', 'parking', 'pool', 'metro', 'sea_view']",2025-03-08,2026-08-05T22:00:04.641022,0.85
PROP-127200,JLT,Villa,5,6,2452,1,1714434,2292896,25,"['balcony', 'mall', 'pool', 'gym', 'metro', 'parking']",2025-09-19,2026-08-05T22:00:04.641041,0.85
PROP-879860,Downtown Dubai,Townhouse,3,4,1845,1,2042780,3375431,22,"['mall', 'sea_view', 'security', 'parking']",2026-02-06,2026-08-05T22:00:04.641058,0.85
PROP-881668,Bluewaters,Villa,4,5,2023,1,2759071,3270792,17,"['balcony', 'gym', 'mall', 'pool', 'parking', 'metro']",2025-02-14,2026-08-05T22:00:04.641078,0.85
PROP-607509,Arabian Ranches,Penthouse,4,4,1931,38,1322013,1919971,32,"['mall', 'sea_view', 'gym', 'balcony', 'security']",2026-01-06,2026-08-05T22:00:04.641097,0.85
PROP-581633,JLT,Apartment,3,2,1526,20,1010103,1289510,36,"['security', 'parking']",2025-02-05,2026-08-05T22:00:04.641114,0.85
PROP-936677,Arabian Ranches,Apartment,3,3,1820,24,1163741,1855576,24,"['gym', 'parking', 'balcony', 'sea_view']",2026-04-22,2026-08-05T22:00:04.641134,0.85
PROP-678788,Dubai Marina,Penthouse,5,5,2291,12,2355816,3265599,16,"['mall', 'gym', 'pool']",2025-10-21,2026-08-05T22:00:04.641152,0.85
PROP-434347,Palm Jumeirah,Apartment,3,3,1743,9,2538229,3211661,20,"['mall', 'security', 'pool']",2026-05-25,2026-08-05T22:00:04.641170,0.85
PROP-709970,Bluewaters,Apartment,1,3,705,6,900326,1170247,29,"['mall', 'parking', 'balcony']",2026-06-28,2026-08-05T22:00:04.641191,0.85
PROP-730565,JLT,Apartment,3,5,1846,38,1553833,1817062,31,"['balcony', 'metro']",2025-05-15,2026-08-05T22:00:04.641209,0.85
PROP-423804,Palm Jumeirah,Penthouse,5,5,2529,31,3667616,6236526,22,"['security', 'parking', 'metro', 'balcony']",2025-02-14,2026-08-05T22:00:04.641226,0.85
PROP-199161,Bluewaters,Penthouse,3,3,1525,21,2291187,2906236,26,"['parking', 'pool', 'security']",2025-09-02,2026-08-05T22:00:04.641244,0.85
PROP-818008,JLT,Townhouse,3,3,1352,1,1120613,1168080,33,"['sea_view', 'metro', 'balcony', 'security']",2026-03-20,2026-08-05T22:00:04.641261,0.85
PROP-785234,Palm Jumeirah,Villa,4,5,1758,1,2868715,4131419,40,"['parking', 'mall', 'balcony']",2025-02-26,2026-08-05T22:00:04.641278,0.85
PROP-969512,Arabian Ranches,Penthouse,5,6,2274,31,1601439,2615854,32,"['balcony', 'parking', 'sea_view']",2025-07-07,2026-08-05T22:00:04.641298,0.85
PROP-120425,Bluewaters,Townhouse,2,3,1304,1,1607196,2412757,35,"['pool', 'security', 'parking', 'gym', 'metro']",2025-09-24,2026-08-05T22:00:04.641317,0.85
PROP-561481,Bluewaters,Villa,4,5,1991,1,2056278,3696289,23,"['security', 'metro', 'gym', 'balcony']",2025-02-13,2026-08-05T22:00:04.641334,0.85
PROP-361982,Palm Jumeirah,Apartment,1,1,657,31,1154924,1455293,43,"['metro', 'sea_view']",2025-02-10,2026-08-05T22:00:04.641352,0.85
PROP-440310,Palm Jumeirah,Penthouse,3,2,1367,18,2005778,2879841,22,"['mall', 'gym']",2026-04-30,2026-08-05T22:00:04.641369,0.85
PROP-247290,Bluewaters,Penthouse,3,3,1753,37,1977378,2897363,18,"['balcony', 'mall', 'metro', 'parking']",2026-06-26,2026-08-05T22:00:04.641387,0.85
PROP-732938,Dubai Marina,Townhouse,2,4,1291,1,1092560,1722404,23,"['sea_view', 'gym', 'mall', 'parking']",2025-10-25,2026-08-05T22:00:04.641404,0.85
PROP-937055,Bluewaters,Apartment,1,1,824,28,1016821,1558855,12,"['pool', 'balcony', 'parking', 'mall', 'security', 'metro']",2025-02-23,2026-08-05T22:00:04.641423,0.85
PROP-987409,Palm Jumeirah,Penthouse,4,5,2182,5,3244679,5415635,37,"['parking', 'metro']",2025-01-20,2026-08-05T22:00:04.641440,0.85
PROP-576102,Dubai Marina,Penthouse,5,5,2847,44,2662345,3525817,23,"['sea_view', 'pool', 'gym']",2025-07-31,2026-08-05T22:00:04.641458,0.85
PROP-997135,Arabian Ranches,Penthouse,3,5,1741,1,1096282,1770569,21,"['sea_view', 'security', 'gym']",2025-10-23,2026-08-05T22:00:04.641475,0.85
PROP-127498,Downtown Dubai,Townhouse,3,5,1753,1,2330728,3058394,15,"['parking', 'gym', 'metro', 'sea_view', 'mall', 'pool']",2026-04-09,2026-08-05T22:00:04.641502,0.85
PROP-909862,Arabian Ranches,Apartment,1,2,634,21,445595,695783,27,"['parking', 'security', 'mall', 'gym']",2025-11-29,2026-08-05T22:00:04.641528,0.85
PROP-518568,Palm Jumeirah,Apartment,1,3,673,2,941961,1561871,36,"['metro', 'pool', 'security']",2025-04-07,2026-08-05T22:00:04.641546,0.85
PROP-226204,Downtown Dubai,Villa,6,5,2427,1,2920209,4239925,20,"['parking', 'metro']",2025-12-14,2026-08-05T22:00:04.641565,0.85
PROP-116929,JLT,Townhouse,3,4,1565,1,1037748,1294626,33,"['mall', 'parking', 'balcony', 'pool']",2025-03-23,2026-08-05T22:00:04.641583,0.85
PROP-116619,Dubai Marina,Penthouse,4,6,1781,24,1995545,2704034,22,"['security', 'sea_view', 'pool', 'mall']",2025-03-19,2026-08-05T22:00:04.641601,0.85
PROP-725165,Palm Jumeirah,Townhouse,1,1,603,1,896357,1139406,17,"['mall', 'metro', 'pool']",2026-05-18,2026-08-05T22:00:04.641618,0.85
PROP-131436,Downtown Dubai,Townhouse,2,4,1094,1,1140781,2146181,34,"['parking', 'mall', 'pool']",2026-01-17,2026-08-05T22:00:04.641635,0.85
PROP-593357,JLT,Villa,5,7,2841,1,2479324,2498814,27,"['pool', 'parking']",2026-06-10,2026-08-05T22:00:04.641665,0.85
PROP-196598,Dubai Marina,Villa,6,5,3221,1,3396547,4706722,14,"['gym', 'pool', 'parking']",2025-12-06,2026-08-05T22:00:04.641685,0.85
PROP-369338,JLT,Apartment,1,3,780,35,571057,824518,42,"['balcony', 'security']",2025-03-01,2026-08-05T22:00:04.641705,0.85
PROP-791231,Downtown Dubai,Townhouse,3,4,1670,1,1986196,3088216,31,"['security', 'gym', 'metro', 'balcony', 'sea_view', 'pool']",2025-11-17,2026-08-05T22:00:04.641724,0.85
PROP-642013,Dubai Marina,Apartment,3,5,1419,16,1222383,1691892,30,"['sea_view', 'mall', 'security', 'balcony']",2025-01-20,2026-08-05T22:00:04.641742,0.85
PROP-932773,Arabian Ranches,Townhouse,1,2,749,1,478377,804284,50,"['metro', 'sea_view']",2026-04-28,2026-08-05T22:00:04.641762,0.85
PROP-296868,Downtown Dubai,Villa,3,3,1653,1,2249703,2550079,16,"['pool', 'balcony', 'security', 'sea_view']",2025-08-02,2026-08-05T22:00:04.641780,0.85
PROP-795466,Bluewaters,Penthouse,4,4,2098,35,2638289,4294556,31,"['sea_view', 'parking', 'gym', 'metro', 'balcony', 'mall']",2025-03-25,2026-08-05T22:00:04.641800,0.85
PROP-226120,Dubai Marina,Townhouse,3,4,1385,1,1292960,1541099,26,"['gym', 'mall', 'security']",2026-03-19,2026-08-05T22:00:04.641817,0.85
PROP-913602,Arabian Ranches,Townhouse,1,2,759,1,443771,907227,23,"['parking', 'security', 'balcony', 'gym', 'sea_view', 'mall']",2025-11-28,2026-08-05T22:00:04.641836,0.85
PROP-813447,Dubai Marina,Villa,5,5,2841,1,2752975,4261869,20,"['security', 'sea_view', 'balcony', 'gym', 'parking', 'pool']",2026-04-05,2026-08-05T22:00:04.641861,0.85
PROP-437558,Downtown Dubai,Villa,4,6,1846,1,1815500,3657826,16,"['metro', 'balcony', 'security', 'sea_view']",2025-03-28,2026-08-05T22:00:04.641880,0.85
PROP-901733,Downtown Dubai,Townhouse,1,1,798,1,1021996,1217151,27,"['gym', 'pool', 'security', 'mall', 'balcony', 'sea_view']",2026-01-26,2026-08-05T22:00:04.641900,0.85
PROP-315829,Downtown Dubai,Penthouse,3,5,1549,16,2107380,2234152,34,"['parking', 'security', 'pool', 'balcony']",2026-01-28,2026-08-05T22:00:04.641919,0.85
PROP-261141,JLT,Villa,5,6,1920,1,1451877,1837962,41,"['mall', 'gym', 'sea_view', 'security', 'parking', 'pool']",2025-03-17,2026-08-05T22:00:04.641937,0.85
PROP-648236,Dubai Marina,Townhouse,2,1,1124,1,922378,1498587,27,"['mall', 'metro', 'parking']",2025-11-21,2026-08-05T22:00:04.641955,0.85
PROP-363895,Dubai Marina,Apartment,3,4,1586,45,1787054,2078987,29,"['balcony', 'metro']",2025-09-28,2026-08-05T22:00:04.641972,0.85
PROP-797962,Bluewaters,Townhouse,2,3,1024,1,1051627,2076525,26,"['mall', 'gym', 'balcony']",2025-04-22,2026-08-05T22:00:04.641989,0.85
PROP-223179,Palm Jumeirah,Apartment,3,5,1868,25,2833330,4500526,34,"['pool', 'balcony', 'mall', 'metro', 'sea_view']",2026-03-27,2026-08-05T22:00:04.642008,0.85
PROP-694469,Downtown Dubai,Townhouse,3,5,1470,1,1656258,2753136,31,"['pool', 'security', 'sea_view', 'metro', 'mall']",2025-11-26,2026-08-05T22:00:04.642026,0.85
PROP-360781,Downtown Dubai,Apartment,3,4,1374,27,1847905,2524634,31,"['sea_view', 'metro', 'mall', 'parking']",2025-07-10,2026-08-05T22:00:04.642046,0.85
PROP-998258,Palm Jumeirah,Penthouse,3,4,1635,11,2012283,3825190,30,"['metro', 'mall', 'parking', 'gym']",2025-02-10,2026-08-05T22:00:04.642064,0.85
PROP-377537,Dubai Marina,Townhouse,2,2,1118,1,912810,1633364,29,"['sea_view', 'balcony', 'security', 'gym', 'mall']",2025-12-12,2026-08-05T22:00:04.642084,0.85
PROP-893531,Bluewaters,Penthouse,4,5,2133,11,3280610,3825867,14,"['balcony', 'mall', 'sea_view']",2025-09-22,2026-08-05T22:00:04.642102,0.85
PROP-239494,Arabian Ranches,Villa,6,5,2547,1,1277906,2749208,49,"['balcony', 'gym', 'sea_view', 'parking', 'mall']",2025-05-07,2026-08-05T22:00:04.642120,0.85
PROP-799946,JLT,Apartment,3,4,1912,6,1332952,1658559,43,"['security', 'balcony']",2026-01-16,2026-08-05T22:00:04.642137,0.85
PROP-121783,Palm Jumeirah,Apartment,2,2,1266,16,2164983,2669043,38,"['parking', 'pool', 'mall']",2025-10-22,2026-08-05T22:00:04.642154,0.85
PROP-942453,Arabian Ranches,Penthouse,4,6,2350,37,1236422,2246170,37,"['metro', 'sea_view', 'balcony', 'security', 'parking', 'mall']",2025-06-22,2026-08-05T22:00:04.642174,0.85
PROP-201314,Palm Jumeirah,Penthouse,4,5,1903,35,2544488,4701673,17,"['security', 'metro', 'balcony', 'sea_view']",2026-03-10,2026-08-05T22:00:04.642198,0.85
PROP-582595,Arabian Ranches,Penthouse,5,6,2096,23,1367043,2291954,38,"['mall', 'parking', 'balcony']",2026-05-05,2026-08-05T22:00:04.642216,0.85
PROP-815136,Arabian Ranches,Penthouse,4,6,1651,2,1014358,1762770,22,"['mall', 'metro', 'sea_view', 'gym']",2026-05-10,2026-08-05T22:00:04.642234,0.85
PROP-424875,Palm Jumeirah,Apartment,3,4,1714,2,2731774,3674073,35,"['metro', 'gym', 'sea_view']",2025-03-26,2026-08-05T22:00:04.642252,0.85
PROP-715983,Arabian Ranches,Townhouse,2,2,1350,1,954590,1273414,38,"['sea_view', 'metro', 'pool', 'balcony', 'mall', 'parking']",2025-06-27,2026-08-05T22:00:04.642276,0.85
PROP-864062,Dubai Marina,Apartment,3,2,1766,11,1843210,2162289,28,"['parking', 'pool', 'sea_view']",2025-02-17,2026-08-05T22:00:04.642295,0.85
PROP-200519,Dubai Marina,Townhouse,1,1,846,1,873354,1220504,34,"['metro', 'sea_view', 'security', 'gym', 'parking']",2025-12-27,2026-08-05T22:00:04.642314,0.85
PROP-456222,Palm Jumeirah,Townhouse,1,3,769,1,880757,1524430,19,"['sea_view', 'mall', 'metro']",2026-04-25,2026-08-05T22:00:04.642331,0.85
PROP-503443,JLT,Apartment,3,4,1196,36,738821,1090685,22,"['pool', 'mall']",2025-08-14,2026-08-05T22:00:04.642348,0.85
PROP-728850,Palm Jumeirah,Apartment,3,4,1289,13,1982825,2769727,30,"['sea_view', 'pool', 'mall']",2026-01-29,2026-08-05T22:00:04.642366,0.85
PROP-405587,Palm Jumeirah,Villa,6,6,3050,1,5082337,6440302,32,"['gym', 'metro']",2025-08-19,2026-08-05T22:00:04.642383,0.85
PROP-801188,Dubai Marina,Townhouse,3,3,1868,1,1569603,2147939,15,"['parking', 'balcony', 'mall', 'security', 'metro', 'gym']",2026-03-24,2026-08-05T22:00:04.642402,0.85
PROP-195371,Arabian Ranches,Apartment,2,2,1058,16,751701,1107969,46,"['pool', 'parking', 'mall', 'security', 'sea_view']",2025-01-04,2026-08-05T22:00:04.642422,0.85
PROP-495383,Bluewaters,Townhouse,3,5,2008,1,2745593,3553230,15,"['security', 'parking', 'sea_view', 'mall', 'balcony']",2025-05-02,2026-08-05T22:00:04.642440,0.85
PROP-422038,Dubai Marina,Penthouse,3,5,1392,36,1328354,1801810,24,"['pool', 'balcony', 'mall', 'gym']",2026-04-12,2026-08-05T22:00:04.642459,0.85
PROP-649437,Arabian Ranches,Villa,5,4,2544,1,1249943,2520808,27,"['pool', 'metro', 'sea_view', 'security']",2025-02-04,2026-08-05T22:00:04.642477,0.85
PROP-698889,Downtown Dubai,Townhouse,3,2,1362,1,1606441,2058558,11,"['gym', 'sea_view', 'mall', 'security']",2025-12-26,2026-08-05T22:00:04.642494,0.85
PROP-146930,Bluewaters,Apartment,1,3,561,19,573655,978514,37,"['parking', 'security', 'gym', 'mall']",2025-05-14,2026-08-05T22:00:04.642512,0.85
PROP-536089,Downtown Dubai,Villa,4,5,2224,1,2893163,4317345,13,"['balcony', 'security', 'sea_view']",2026-07-13,2026-08-05T22:00:04.642530,0.85
PROP-173950,JLT,Penthouse,4,4,2545,17,1985198,2514361,29,"['mall', 'gym']",2025-11-21,2026-08-05T22:00:04.642547,0.85
PROP-997065,Bluewaters,Apartment,1,1,609,12,797757,1035555,34,"['metro', 'parking', 'balcony', 'mall']",2025-09-14,2026-08-05T22:00:04.642565,0.85
PROP-602078,Arabian Ranches,Townhouse,1,1,654,1,463064,697441,36,"['parking', 'balcony', 'pool']",2025-03-07,2026-08-05T22:00:04.642582,0.85
PROP-795076,Dubai Marina,Apartment,1,1,643,6,678053,966560,16,"['sea_view', 'security', 'mall', 'gym', 'metro']",2026-06-08,2026-08-05T22:00:04.642602,0.85
PROP-510320,Arabian Ranches,Villa,4,5,1835,1,887058,1735567,48,"['parking', 'mall', 'security', 'gym']",2026-04-22,2026-08-05T22:00:04.642620,0.85
PROP-683902,JLT,Villa,5,4,2229,1,1756817,2007808,40,"['pool', 'metro', 'security', 'mall', 'gym']",2025-09-05,2026-08-05T22:00:04.642639,0.85
PROP-208834,Downtown Dubai,Villa,5,4,2023,1,2340132,3480701,23,"['sea_view', 'parking', 'pool']",2026-02-17,2026-08-05T22:00:04.642656,0.85
PROP-691018,Bluewaters,Villa,3,5,1438,1,1512122,2635158,29,"['security', 'metro']",2026-06-01,2026-08-05T22:00:04.642673,0.85
PROP-767625,Arabian Ranches,Apartment,1,3,793,19,511125,805711,50,"['mall', 'balcony', 'parking']",2025-06-28,2026-08-05T22:00:04.642691,0.85
PROP-250977,JLT,Penthouse,3,5,1745,15,1122597,1729518,22,"['balcony', 'gym', 'parking', 'pool', 'security']",2025-09-10,2026-08-05T22:00:04.642710,0.85
PROP-481220,Dubai Marina,Penthouse,4,4,1972,41,1788720,3097894,22,"['mall', 'sea_view', 'security', 'metro', 'balcony']",2025-03-27,2026-08-05T22:00:04.642728,0.85
PROP-493023,Palm Jumeirah,Townhouse,3,5,1523,1,1870638,2972700,19,"['security', 'metro', 'sea_view', 'balcony', 'parking', 'gym']",2025-05-25,2026-08-05T22:00:04.642750,0.85
PROP-791694,Bluewaters,Townhouse,1,3,726,1,783115,1445714,20,"['metro', 'pool', 'gym', 'sea_view', 'parking', 'security']",2026-02-06,2026-08-05T22:00:04.642770,0.85
PROP-431864,JLT,Penthouse,3,5,1273,25,980487,1084216,40,"['parking', 'sea_view', 'security', 'balcony', 'gym', 'pool']",2025-05-01,2026-08-05T22:00:04.642792,0.85
PROP-109089,JLT,Villa,4,6,2091,1,1715864,2222262,38,"['gym', 'pool']",2026-06-07,2026-08-05T22:00:04.642809,0.85
PROP-711790,Dubai Marina,Townhouse,1,2,644,1,674712,1016862,18,"['sea_view', 'balcony']",2025-08-29,2026-08-05T22:00:04.642828,0.85
PROP-265969,JLT,Penthouse,4,4,1951,7,1640207,1654338,45,"['parking', 'security', 'pool']",2025-04-28,2026-08-05T22:00:04.642846,0.85
PROP-595780,Arabian Ranches,Penthouse,5,6,2857,8,1826561,2696990,35,"['pool', 'gym']",2025-06-06,2026-08-05T22:00:04.642871,0.85
PROP-456281,JLT,Penthouse,3,2,1785,29,1384209,1525371,45,"['mall', 'sea_view']",2025-07-04,2026-08-05T22:00:04.642888,0.85
PROP-471942,Dubai Marina,Townhouse,1,1,637,1,652195,992689,12,"['sea_view', 'parking', 'mall']",2026-04-30,2026-08-05T22:00:04.642906,0.85
PROP-154537,Arabian Ranches,Penthouse,3,5,1465,17,770715,1441668,37,"['mall', 'parking']",2026-01-10,2026-08-05T22:00:04.642923,0.85
PROP-870327,Bluewaters,Villa,5,6,2641,1,3175167,4657936,35,"['gym', 'parking', 'balcony', 'pool', 'mall']",2026-06-21,2026-08-05T22:00:04.642941,0.85
PROP-238768,Arabian Ranches,Apartment,2,4,1142,25,654611,1266005,29,"['sea_view', 'parking', 'balcony', 'security', 'mall']",2025-07-22,2026-08-05T22:00:04.642959,0.85
PROP-219039,Palm Jumeirah,Townhouse,3,3,1669,1,2122975,4071275,42,"['sea_view', 'metro']",2025-01-19,2026-08-05T22:00:04.642976,0.85
PROP-858232,Dubai Marina,Villa,3,3,1297,1,1186002,1526572,34,"['gym', 'metro', 'pool']",2026-06-23,2026-08-05T22:00:04.642995,0.85
PROP-309213,Dubai Marina,Townhouse,3,2,1565,1,1573459,2403330,23,"['gym', 'balcony', 'pool', 'sea_view']",2026-02-21,2026-08-05T22:00:04.643015,0.85
PROP-755833,Bluewaters,Apartment,1,1,679,1,851332,1365713,17,"['gym', 'security']",2025-08-25,2026-08-05T22:00:04.643032,0.85
PROP-307324,Arabian Ranches,Villa,6,6,3539,1,2212971,3382645,30,"['pool', 'security', 'gym', 'balcony', 'mall', 'metro']",2026-01-07,2026-08-05T22:00:04.643050,0.85
PROP-730775,Palm Jumeirah,Villa,4,3,2254,1,2739743,5396146,37,"['parking', 'security', 'sea_view']",2025-08-30,2026-08-05T22:00:04.643069,0.85
PROP-165832,JLT,Townhouse,1,3,690,1,566236,661824,37,"['balcony', 'metro', 'gym', 'pool']",2026-04-27,2026-08-05T22:00:04.643086,0.85
PROP-831985,JLT,Townhouse,3,2,1844,1,1150629,1898084,39,"['pool', 'sea_view', 'metro', 'mall', 'parking']",2025-06-22,2026-08-05T22:00:04.643104,0.85
PROP-715754,Bluewaters,Apartment,3,4,1871,29,2270235,3903989,22,"['balcony', 'metro', 'security', 'parking', 'gym']",2025-11-23,2026-08-05T22:00:04.643122,0.85
PROP-873701,Downtown Dubai,Apartment,3,4,1700,30,1896684,3192176,34,"['mall', 'metro', 'security', 'sea_view', 'gym']",2026-02-07,2026-08-05T22:00:04.643142,0.85
PROP-199453,JLT,Penthouse,3,3,1588,41,1023966,1444624,30,"['parking', 'balcony', 'gym']",2025-11-26,2026-08-05T22:00:04.643160,0.85
PROP-992964,Dubai Marina,Penthouse,4,4,1948,13,1534644,2524833,18,"['balcony', 'gym', 'metro', 'security', 'mall', 'sea_view']",2025-04-29,2026-08-05T22:00:04.643179,0.85
PROP-536569,Downtown Dubai,Penthouse,5,4,2354,5,3336597,4292788,23,"['parking', 'gym', 'balcony', 'security']",2025-12-04,2026-08-05T22:00:04.643208,0.85
PROP-946331,JLT,Apartment,2,2,1131,44,888450,1112324,36,"['balcony', 'parking', 'sea_view']",2025-06-13,2026-08-05T22:00:04.643226,0.85
PROP-681955,Bluewaters,Villa,5,7,1939,1,2445897,3587538,17,"['security', 'metro', 'parking', 'mall']",2025-10-05,2026-08-05T22:00:04.643243,0.85
PROP-690660,Palm Jumeirah,Townhouse,3,3,1410,1,2316275,3102835,42,"['security', 'metro', 'gym']",2025-02-09,2026-08-05T22:00:04.643261,0.85
PROP-481453,JLT,Apartment,2,1,1071,40,745947,1026843,31,"['balcony', 'pool', 'security', 'sea_view', 'gym', 'mall']",2026-02-09,2026-08-05T22:00:04.643280,0.85
PROP-734148,Dubai Marina,Penthouse,3,3,1637,21,1486757,2308704,26,"['balcony', 'parking', 'security']",2025-08-23,2026-08-05T22:00:04.643299,0.85
PROP-314161,Arabian Ranches,Villa,4,3,1831,1,1202085,1754982,46,"['balcony', 'gym', 'security', 'sea_view', 'pool', 'metro']",2025-09-26,2026-08-05T22:00:04.643318,0.85
PROP-722691,Downtown Dubai,Townhouse,1,1,831,1,829155,1395218,33,"['mall', 'sea_view', 'security']",2026-01-24,2026-08-05T22:00:04.643335,0.85
PROP-154970,JLT,Townhouse,1,2,707,1,466149,694247,26,"['parking', 'mall', 'pool']",2026-03-06,2026-08-05T22:00:04.643352,0.85
PROP-693092,Palm Jumeirah,Penthouse,4,4,2012,36,2209849,4233211,23,"['parking', 'mall', 'balcony', 'pool', 'metro']",2025-08-16,2026-08-05T22:00:04.643371,0.85
PROP-196321,Arabian Ranches,Apartment,3,2,1772,32,877725,1630892,25,"['parking', 'sea_view']",2025-11-13,2026-08-05T22:00:04.643391,0.85
PROP-828326,Palm Jumeirah,Townhouse,2,1,1185,1,1920425,2541492,30,"['metro', 'sea_view']",2025-05-27,2026-08-05T22:00:04.643408,0.85
PROP-329639,Downtown Dubai,Apartment,1,3,549,17,586963,787215,25,"['pool', 'mall', 'sea_view', 'gym', 'security', 'metro']",2026-05-29,2026-08-05T22:00:04.643427,0.85
PROP-718312,Downtown Dubai,Villa,4,5,2026,1,2680118,3651171,4,"['balcony', 'security', 'pool', 'metro', 'sea_view', 'mall']",2026-01-09,2026-08-05T22:00:04.643445,0.85
PROP-378550,Dubai Marina,Villa,4,6,1682,1,1736928,2339311,20,"['parking', 'security', 'gym', 'sea_view', 'pool', 'mall']",2025-10-01,2026-08-05T22:00:04.643465,0.85
PROP-130217,Arabian Ranches,Townhouse,3,5,1373,1,907554,1341261,27,"['balcony', 'security', 'pool', 'parking']",2025-04-03,2026-08-05T22:00:04.643483,0.85
PROP-973390,JLT,Penthouse,3,3,1255,25,1055945,1283669,44,"['security', 'metro', 'balcony']",2025-08-21,2026-08-05T22:00:04.643501,0.85
PROP-326936,Bluewaters,Villa,5,6,2467,1,3379366,4287364,39,"['security', 'balcony', 'pool', 'parking']",2026-06-15,2026-08-05T22:00:04.643518,0.85
PROP-181447,Downtown Dubai,Townhouse,1,3,832,1,1086246,1393375,16,"['parking', 'security', 'metro', 'balcony', 'mall', 'sea_view']",2025-11-08,2026-08-05T22:00:04.643539,0.85
PROP-485928,Arabian Ranches,Apartment,1,1,633,1,447675,746337,30,"['metro', 'sea_view', 'balcony', 'gym', 'pool']",2026-05-13,2026-08-05T22:00:04.643557,0.85
PROP-375487,Downtown Dubai,Villa,6,7,2457,1,2851087,3472814,28,"['gym', 'parking']",2026-02-13,2026-08-05T22:00:04.643575,0.85
PROP-866964,JLT,Villa,3,2,1602,1,968093,1322977,24,"['balcony', 'parking', 'pool', 'mall', 'security']",2026-05-09,2026-08-05T22:00:04.643594,0.85
PROP-906913,Bluewaters,Villa,4,3,2097,1,2172796,3981058,37,"['metro', 'gym', 'pool', 'balcony', 'sea_view']",2026-04-26,2026-08-05T22:00:04.643612,0.85
PROP-781765,Palm Jumeirah,Townhouse,3,5,1439,1,1579413,2864147,40,"['security', 'sea_view', 'mall']",2026-06-25,2026-08-05T22:00:04.643629,0.85
PROP-870907,Dubai Marina,Penthouse,5,7,2169,19,1976072,3034484,23,"['parking', 'mall', 'sea_view', 'metro', 'gym']",2025-08-19,2026-08-05T22:00:04.643647,0.85
PROP-477832,Bluewaters,Townhouse,2,2,1301,1,1588442,2849330,35,"['parking', 'metro', 'sea_view', 'security']",2025-05-10,2026-08-05T22:00:04.643665,0.85
PROP-727879,JLT,Apartment,3,4,1425,23,1130935,1332703,34,"['pool', 'parking', 'balcony']",2026-02-04,2026-08-05T22:00:04.643682,0.85
PROP-875643,Palm Jumeirah,Villa,4,4,2410,1,2744641,5044812,16,"['pool', 'balcony', 'mall', 'metro', 'sea_view', 'gym']",2026-02-02,2026-08-05T22:00:04.643701,0.85
PROP-771580,Downtown Dubai,Townhouse,2,1,1157,1,1415307,1893981,25,"['security', 'balcony', 'parking', 'mall', 'pool']",2025-11-22,2026-08-05T22:00:04.643719,0.85
PROP-417569,Bluewaters,Penthouse,3,3,1699,33,2466888,3223209,40,"['balcony', 'gym']",2025-05-07,2026-08-05T22:00:04.643736,0.85
PROP-224731,Downtown Dubai,Apartment,1,1,469,19,477496,708859,28,"['gym', 'parking']",2025-04-01,2026-08-05T22:00:04.643759,0.85
PROP-133049,JLT,Townhouse,3,5,1309,1,920162,1194429,26,"['mall', 'sea_view', 'balcony', 'metro', 'pool']",2025-02-22,2026-08-05T22:00:04.643781,0.85
PROP-818115,JLT,Townhouse,2,1,1172,1,1005989,1072528,34,"['metro', 'sea_view']",2025-07-08,2026-08-05T22:00:04.643798,0.85
PROP-353103,JLT,Apartment,2,1,1092,31,737806,903755,24,"['mall', 'security']",2025-08-01,2026-08-05T22:00:04.643815,0.85
PROP-626461,Arabian Ranches,Penthouse,3,4,1669,29,887863,1707690,21,"['pool', 'balcony', 'security']",2026-05-06,2026-08-05T22:00:04.643833,0.85
PROP-404387,Downtown Dubai,Penthouse,4,6,2072,17,2571595,3768822,19,"['mall', 'parking', 'gym']",2026-06-07,2026-08-05T22:00:04.643850,0.85
PROP-416960,Arabian Ranches,Townhouse,2,1,1229,1,875607,1134423,36,"['security', 'pool', 'mall', 'gym', 'sea_view']",2026-05-17,2026-08-05T22:00:04.643874,0.85
PROP-876319,Downtown Dubai,Villa,5,7,2367,1,3190812,4660208,7,"['parking', 'gym']",2026-03-16,2026-08-05T22:00:04.643891,0.85
PROP-170190,Arabian Ranches,Apartment,2,4,1206,2,783921,1410184,32,"['gym', 'security', 'metro', 'pool', 'parking', 'mall']",2025-04-28,2026-08-05T22:00:04.643912,0.85
PROP-698129,Dubai Marina,Apartment,2,3,1247,33,1385340,1936975,37,"['gym', 'pool', 'mall']",2026-04-02,2026-08-05T22:00:04.643929,0.85
PROP-343529,Downtown Dubai,Villa,6,7,3186,1,3789371,6316306,25,"['metro', 'pool', 'balcony']",2026-06-01,2026-08-05T22:00:04.643949,0.85
PROP-714017,Downtown Dubai,Villa,5,5,3005,1,2900945,4315169,29,"['gym', 'balcony']",2025-10-08,2026-08-05T22:00:04.643966,0.85
PROP-253209,Arabian Ranches,Apartment,2,2,1086,31,730111,1038867,36,"['mall', 'gym', 'pool', 'metro', 'security']",2026-04-19,2026-08-05T22:00:04.643985,0.85
PROP-336288,Bluewaters,Villa,4,3,2250,1,3497688,3697996,16,"['metro', 'mall', 'sea_view']",2025-07-15,2026-08-05T22:00:04.644002,0.85
PROP-602651,Palm Jumeirah,Penthouse,3,5,1344,26,1478291,3051093,42,"['metro', 'security', 'balcony', 'gym']",2026-02-14,2026-08-05T22:00:04.644020,0.85
PROP-838694,Arabian Ranches,Penthouse,5,5,2421,19,1450934,2233412,40,"['metro', 'pool']",2026-04-01,2026-08-05T22:00:04.644038,0.85
PROP-504848,Downtown Dubai,Apartment,2,3,1143,30,1453987,2276864,14,"['sea_view', 'parking', 'security', 'balcony']",2025-03-10,2026-08-05T22:00:04.644058,0.85
PROP-384427,Bluewaters,Villa,6,7,2588,1,4002658,4968037,30,"['balcony', 'sea_view']",2025-10-05,2026-08-05T22:00:04.644075,0.85
PROP-802215,Palm Jumeirah,Villa,5,6,2444,1,2976087,6062680,19,"['metro', 'parking', 'mall', 'balcony']",2025-05-09,2026-08-05T22:00:04.644093,0.85
PROP-727186,Bluewaters,Villa,4,5,1877,1,2636838,3625879,17,"['parking', 'pool', 'sea_view', 'mall', 'gym']",2025-12-21,2026-08-05T22:00:04.644111,0.85
PROP-364802,Bluewaters,Townhouse,1,3,670,1,825091,1360250,40,"['mall', 'balcony', 'parking', 'gym', 'sea_view', 'security']",2026-04-14,2026-08-05T22:00:04.644131,0.85
PROP-153470,Dubai Marina,Penthouse,5,7,1884,13,2020244,2312431,24,"['balcony', 'mall', 'metro', 'security', 'gym']",2025-10-13,2026-08-05T22:00:04.644150,0.85
PROP-675134,JLT,Penthouse,5,4,2678,25,1858378,2254656,20,"['pool', 'mall', 'metro', 'parking']",2026-03-28,2026-08-05T22:00:04.644167,0.85
PROP-754688,Arabian Ranches,Townhouse,1,1,856,1,452973,999288,39,"['pool', 'mall']",2025-07-17,2026-08-05T22:00:04.644188,0.85
PROP-680607,Bluewaters,Townhouse,2,4,1040,1,1184597,2040684,35,"['sea_view', 'metro', 'gym', 'mall']",2026-06-08,2026-08-05T22:00:04.644206,0.85
PROP-230614,Arabian Ranches,Townhouse,1,1,652,1,397726,590211,26,"['balcony', 'metro']",2025-02-28,2026-08-05T22:00:04.644223,0.85
PROP-803763,Dubai Marina,Villa,6,6,2801,1,2799483,4330185,38,"['balcony', 'pool', 'metro']",2025-10-27,2026-08-05T22:00:04.644240,0.85
PROP-667557,Palm Jumeirah,Penthouse,5,7,2529,15,2914075,4697359,35,"['mall', 'gym', 'sea_view', 'security', 'balcony']",2026-06-08,2026-08-05T22:00:04.644260,0.85
PROP-730145,Palm Jumeirah,Villa,6,8,3179,1,4170522,6832696,32,"['mall', 'balcony', 'gym', 'parking', 'sea_view']",2026-04-16,2026-08-05T22:00:04.644278,0.85
PROP-819839,Bluewaters,Penthouse,3,5,1420,21,1719283,2505568,33,"['security', 'mall', 'balcony', 'metro']",2026-06-09,2026-08-05T22:00:04.644297,0.85
PROP-544740,Arabian Ranches,Villa,3,5,1707,1,978672,1713068,33,"['mall', 'security']",2025-04-03,2026-08-05T22:00:04.644315,0.85
PROP-728207,Dubai Marina,Penthouse,4,5,1869,24,2071180,2298738,14,"['security', 'metro', 'balcony']",2025-02-08,2026-08-05T22:00:04.644332,0.85
PROP-362554,Arabian Ranches,Villa,3,5,1453,1,962714,1346919,50,"['gym', 'balcony', 'sea_view']",2026-04-26,2026-08-05T22:00:04.644350,0.85
PROP-645792,Dubai Marina,Townhouse,2,2,1022,1,1113019,1266520,38,"['security', 'mall', 'parking']",2026-01-09,2026-08-05T22:00:04.644366,0.85
PROP-170655,Dubai Marina,Villa,3,2,1678,1,1482961,2240338,22,"['security', 'pool', 'gym']",2026-04-27,2026-08-05T22:00:04.644384,0.85
PROP-996959,Dubai Marina,Townhouse,1,1,885,1,866625,1136751,14,"['parking', 'gym', 'pool']",2025-08-23,2026-08-05T22:00:04.644403,0.85
PROP-353677,Downtown Dubai,Townhouse,3,2,1792,1,2490024,2932219,9,"['mall', 'gym']",2026-03-14,2026-08-05T22:00:04.644419,0.85
PROP-170332,Arabian Ranches,Townhouse,3,4,1629,1,959784,1813179,43,"['parking', 'sea_view', 'balcony']",2026-05-11,2026-08-05T22:00:04.644438,0.85
PROP-888142,JLT,Villa,3,4,1771,1,1487022,1776769,29,"['metro', 'balcony', 'security', 'mall', 'parking', 'sea_view']",2025-05-19,2026-08-05T22:00:04.644457,0.85
PROP-414067,Palm Jumeirah,Penthouse,3,5,1264,14,1431935,3155323,39,"['gym', 'balcony', 'security', 'sea_view']",2025-06-08,2026-08-05T22:00:04.644475,0.85
PROP-117173,Palm Jumeirah,Apartment,2,4,908,14,1265377,2040201,17,"['parking', 'sea_view', 'mall', 'security', 'gym']",2026-02-24,2026-08-05T22:00:04.644495,0.85
PROP-155699,Downtown Dubai,Penthouse,4,6,2146,30,2442903,3267961,8,"['pool', 'gym', 'metro', 'mall', 'parking']",2025-07-10,2026-08-05T22:00:04.644513,0.85
PROP-274006,Palm Jumeirah,Penthouse,4,6,1726,23,2884470,3773251,14,"['gym', 'parking', 'metro', 'mall', 'sea_view']",2025-02-19,2026-08-05T22:00:04.644532,0.85
PROP-398767,Dubai Marina,Apartment,1,2,477,33,409614,648980,9,"['metro', 'parking', 'balcony', 'security', 'mall']",2025-08-27,2026-08-05T22:00:04.644550,0.85
PROP-250944,Palm Jumeirah,Apartment,3,2,1735,28,2827738,3166911,37,"['gym', 'mall', 'security', 'parking', 'sea_view', 'balcony']",2025-09-29,2026-08-05T22:00:04.644569,0.85
PROP-537873,Downtown Dubai,Villa,3,5,1561,1,1663579,2226622,4,"['security', 'mall', 'balcony']",2026-01-15,2026-08-05T22:00:04.644586,0.85
PROP-183854,Downtown Dubai,Penthouse,5,6,2115,5,2196274,3008537,27,"['gym', 'mall', 'security', 'metro', 'sea_view']",2026-03-15,2026-08-05T22:00:04.644604,0.85
PROP-815759,Bluewaters,Penthouse,4,5,2112,37,2791276,4505956,37,"['sea_view', 'balcony', 'gym', 'metro']",2025-01-13,2026-08-05T22:00:04.644622,0.85
PROP-964098,Palm Jumeirah,Villa,4,3,2191,1,2795662,5385386,22,"['metro', 'pool', 'balcony', 'parking', 'sea_view']",2026-03-27,2026-08-05T22:00:04.644644,0.85
PROP-413612,Downtown Dubai,Villa,4,4,2050,1,2879234,3727779,20,"['metro', 'sea_view', 'security', 'mall']",2025-08-11,2026-08-05T22:00:04.644662,0.85
PROP-132081,Dubai Marina,Villa,4,6,2209,1,2339303,3452804,10,"['metro', 'mall', 'security', 'gym', 'sea_view']",2025-03-29,2026-08-05T22:00:04.644683,0.85
PROP-740231,Palm Jumeirah,Townhouse,1,2,759,1,1300133,1627525,43,"['security', 'mall', 'metro', 'gym', 'parking']",2025-10-17,2026-08-05T22:00:04.644701,0.85
PROP-616579,Downtown Dubai,Townhouse,1,2,793,1,1086041,1158093,6,"['parking', 'balcony']",2025-05-18,2026-08-05T22:00:04.644717,0.85
PROP-273247,Dubai Marina,Villa,3,2,1600,1,1266826,1993138,35,"['sea_view', 'mall', 'balcony', 'pool']",2026-05-21,2026-08-05T22:00:04.644735,0.85
PROP-380316,Palm Jumeirah,Townhouse,1,1,641,1,1148346,1429464,39,"['parking', 'security', 'metro']",2026-03-09,2026-08-05T22:00:04.644756,0.85
PROP-620529,Arabian Ranches,Townhouse,3,2,1763,1,904891,1831229,48,"['parking', 'sea_view', 'metro', 'balcony']",2026-03-12,2026-08-05T22:00:04.644773,0.85
PROP-946165,Arabian Ranches,Villa,5,4,2523,1,1613715,2796676,46,"['sea_view', 'balcony', 'parking', 'mall', 'security']",2025-04-18,2026-08-05T22:00:04.644791,0.85
PROP-254853,Downtown Dubai,Townhouse,3,4,1432,1,1691790,2609019,5,"['pool', 'balcony']",2026-04-02,2026-08-05T22:00:04.644808,0.85
PROP-775609,Dubai Marina,Penthouse,3,3,1742,19,1841872,2515209,27,"['mall', 'security', 'metro']",2026-03-06,2026-08-05T22:00:04.644825,0.85
PROP-508482,Bluewaters,Townhouse,3,3,1530,1,1861509,2806749,22,"['pool', 'mall']",2025-10-29,2026-08-05T22:00:04.644842,0.85
PROP-362773,Downtown Dubai,Penthouse,4,6,2465,29,2523651,3934497,34,"['sea_view', 'metro', 'balcony', 'gym', 'pool']",2026-01-15,2026-08-05T22:00:04.644869,0.85
PROP-908305,JLT,Apartment,2,3,895,9,601446,878153,47,"['security', 'sea_view', 'gym', 'mall']",2026-05-11,2026-08-05T22:00:04.644888,0.85
PROP-654418,Dubai Marina,Townhouse,3,4,1811,1,1632407,2086812,33,"['security', 'gym', 'metro', 'parking', 'balcony', 'mall']",2025-05-29,2026-08-05T22:00:04.644906,0.85
PROP-527123,Arabian Ranches,Villa,6,5,3176,1,1745676,3808141,35,"['balcony', 'parking']",2026-06-13,2026-08-05T22:00:04.644924,0.85
PROP-513990,Arabian Ranches,Apartment,2,4,1328,15,931647,1527785,28,"['balcony', 'parking', 'sea_view', 'pool', 'gym']",2025-10-21,2026-08-05T22:00:04.644942,0.85
PROP-117137,Palm Jumeirah,Apartment,3,3,1293,29,1618920,2329436,14,"['balcony', 'mall']",2025-05-22,2026-08-05T22:00:04.644960,0.85
PROP-285846,Arabian Ranches,Townhouse,3,2,1828,1,971069,2007850,30,"['security', 'mall']",2025-08-04,2026-08-05T22:00:04.644977,0.85
PROP-277233,Arabian Ranches,Villa,3,5,1378,1,875363,1631515,21,"['parking', 'sea_view']",2025-10-24,2026-08-05T22:00:04.644994,0.85
PROP-179928,Bluewaters,Townhouse,3,4,1550,1,2339283,2669806,16,"['gym', 'metro', 'parking', 'sea_view']",2026-05-11,2026-08-05T22:00:04.645014,0.85
PROP-927326,Downtown Dubai,Apartment,1,1,604,12,612708,1009148,7,"['mall', 'balcony', 'pool', 'security', 'parking', 'sea_view']",2025-07-30,2026-08-05T22:00:04.645033,0.85
PROP-954817,Dubai Marina,Townhouse,1,3,777,1,870378,1136484,38,"['gym', 'pool', 'mall', 'sea_view', 'parking', 'metro']",2025-01-10,2026-08-05T22:00:04.645054,0.85
PROP-299380,Bluewaters,Villa,6,7,2416,1,3577838,5014647,24,"['metro', 'gym']",2026-01-22,2026-08-05T22:00:04.645072,0.85
PROP-138146,Arabian Ranches,Penthouse,5,4,2916,43,2053187,3307413,38,"['metro', 'parking', 'sea_view', 'mall', 'gym']",2026-05-17,2026-08-05T22:00:04.645090,0.85
PROP-189365,JLT,Villa,3,4,1352,1,1074319,1250140,43,"['sea_view', 'metro']",2025-03-06,2026-08-05T22:00:04.645108,0.85
PROP-427216,Downtown Dubai,Apartment,3,2,1672,31,2001861,3340123,27,"['gym', 'balcony', 'pool', 'parking']",2025-10-31,2026-08-05T22:00:04.645127,0.85
PROP-178011,Arabian Ranches,Penthouse,4,3,1636,20,1046316,1962416,43,"['metro', 'gym', 'parking', 'sea_view']",2025-04-28,2026-08-05T22:00:04.645145,0.85
PROP-732193,Arabian Ranches,Townhouse,1,3,681,1,393378,618241,30,"['parking', 'sea_view', 'pool', 'gym']",2025-01-15,2026-08-05T22:00:04.645163,0.85
PROP-426619,Arabian Ranches,Apartment,2,1,983,22,546936,921187,39,"['gym', 'mall', 'pool']",2025-09-17,2026-08-05T22:00:04.645183,0.85
PROP-877093,Arabian Ranches,Apartment,3,4,1725,7,1198664,1941816,22,"['metro', 'pool', 'sea_view', 'parking']",2025-10-12,2026-08-05T22:00:04.645203,0.85
PROP-719555,Dubai Marina,Villa,3,2,1602,1,1311170,2144258,24,"['metro', 'balcony', 'pool', 'parking']",2026-01-31,2026-08-05T22:00:04.645223,0.85
PROP-864148,Arabian Ranches,Villa,3,4,1373,1,872729,1470077,48,"['pool', 'security']",2025-11-07,2026-08-05T22:00:04.645244,0.85
PROP-550597,Bluewaters,Villa,4,4,1918,1,2662111,4075833,29,"['mall', 'balcony', 'gym']",2026-05-08,2026-08-05T22:00:04.645262,0.85
PROP-367386,Downtown Dubai,Penthouse,3,4,1483,26,2116813,2442390,22,"['balcony', 'gym', 'mall', 'pool']",2025-05-10,2026-08-05T22:00:04.645280,0.85
PROP-881063,Bluewaters,Penthouse,3,2,1556,17,2167977,3027928,37,"['gym', 'sea_view', 'mall', 'metro', 'pool', 'security']",2025-10-17,2026-08-05T22:00:04.645299,0.85
PROP-533435,Dubai Marina,Apartment,3,5,1363,18,1533898,1890872,29,"['gym', 'metro', 'sea_view']",2026-06-23,2026-08-05T22:00:04.645316,0.85
PROP-564950,Dubai Marina,Townhouse,1,3,561,1,583862,837460,36,"['sea_view', 'security', 'metro', 'balcony']",2025-09-22,2026-08-05T22:00:04.645334,0.85
PROP-151310,Bluewaters,Villa,4,4,2076,1,2328276,4150991,41,"['mall', 'security', 'parking']",2025-04-04,2026-08-05T22:00:04.645351,0.85
PROP-546853,Palm Jumeirah,Apartment,2,4,911,4,1474720,1974134,19,"['gym', 'parking', 'mall', 'metro', 'balcony']",2026-01-17,2026-08-05T22:00:04.645369,0.85
PROP-331279,Dubai Marina,Penthouse,5,4,2832,23,2518074,3432831,15,"['mall', 'security', 'parking', 'gym']",2025-03-17,2026-08-05T22:00:04.645388,0.85
PROP-385015,JLT,Villa,3,3,1893,1,1354203,2074629,34,"['parking', 'pool', 'mall', 'sea_view', 'balcony', 'security']",2026-03-23,2026-08-05T22:00:04.645407,0.85
PROP-758001,Bluewaters,Townhouse,3,5,1197,1,1587538,2550669,18,"['balcony', 'metro', 'gym', 'mall']",2026-01-12,2026-08-05T22:00:04.645427,0.85
PROP-363368,JLT,Apartment,1,1,816,27,628634,653157,23,"['gym', 'sea_view', 'parking']",2025-05-04,2026-08-05T22:00:04.645444,0.85
PROP-148028,Bluewaters,Townhouse,3,3,1835,1,2535440,3993680,29,"['sea_view', 'pool', 'security', 'mall', 'gym', 'metro']",2025-08-09,2026-08-05T22:00:04.645463,0.85
PROP-342540,Palm Jumeirah,Townhouse,2,2,1242,1,1782354,2610157,30,"['gym', 'pool']",2026-02-16,2026-08-05T22:00:04.645480,0.85
PROP-201561,JLT,Apartment,1,3,828,5,522289,908260,34,"['parking', 'gym', 'sea_view', 'metro', 'balcony']",2025-06-18,2026-08-05T22:00:04.645497,0.85
PROP-198052,Dubai Marina,Townhouse,1,3,623,1,630156,962473,37,"['gym', 'parking', 'mall']",2026-02-28,2026-08-05T22:00:04.645515,0.85
PROP-934375,Palm Jumeirah,Villa,3,5,1819,1,2673155,4111136,35,"['mall', 'metro']",2025-11-22,2026-08-05T22:00:04.645532,0.85
PROP-874793,JLT,Townhouse,1,1,876,1,585867,852087,17,"['sea_view', 'parking', 'security', 'balcony', 'gym']",2026-06-22,2026-08-05T22:00:04.645549,0.85
PROP-583241,Dubai Marina,Apartment,3,4,1385,11,1197081,1554803,14,"['security', 'gym', 'metro']",2025-09-23,2026-08-05T22:00:04.645567,0.85
PROP-596741,Dubai Marina,Penthouse,3,3,1234,14,1125397,1824215,33,"['metro', 'gym', 'sea_view', 'pool']",2026-01-22,2026-08-05T22:00:04.645585,0.85
PROP-261207,JLT,Apartment,1,2,730,12,587892,779545,20,"['parking', 'gym']",2026-05-03,2026-08-05T22:00:04.645603,0.85
PROP-280496,JLT,Apartment,2,2,1243,18,1011937,1260547,45,"['sea_view', 'security', 'gym', 'balcony', 'mall', 'metro']",2025-04-12,2026-08-05T22:00:04.645623,0.85
PROP-872804,Arabian Ranches,Penthouse,4,5,1873,2,987267,1851760,45,"['mall', 'pool', 'balcony', 'metro', 'gym', 'sea_view']",2025-10-29,2026-08-05T22:00:04.645642,0.85
PROP-999996,Bluewaters,Apartment,3,5,1750,9,1834925,2988782,39,"['parking', 'gym', 'pool']",2025-01-23,2026-08-05T22:00:04.645660,0.85
PROP-991546,Arabian Ranches,Apartment,1,1,804,35,403968,786587,38,"['parking', 'pool', 'security']",2025-02-11,2026-08-05T22:00:04.645677,0.85
PROP-988380,Downtown Dubai,Villa,4,3,2103,1,2649618,3034336,27,"['gym', 'sea_view', 'parking', 'security', 'mall', 'metro']",2025-09-30,2026-08-05T22:00:04.645696,0.85
PROP-894357,Palm Jumeirah,Apartment,1,1,662,43,1044262,1591461,36,"['gym', 'parking']",2026-01-13,2026-08-05T22:00:04.645714,0.85
PROP-470500,Bluewaters,Apartment,1,1,623,29,899095,1198289,22,"['pool', 'sea_view']",2026-02-11,2026-08-05T22:00:04.645733,0.85
PROP-905292,Palm Jumeirah,Penthouse,5,4,2643,19,3350739,4914733,39,"['mall', 'parking', 'security']",2025-01-09,2026-08-05T22:00:04.645755,0.85
PROP-794196,Dubai Marina,Villa,4,5,2033,1,1815633,2712910,25,"['mall', 'pool', 'metro', 'balcony', 'sea_view']",2026-07-09,2026-08-05T22:00:04.645773,0.85
PROP-256524,Palm Jumeirah,Villa,6,7,3346,1,3827341,7718316,21,"['parking', 'security', 'metro', 'balcony', 'pool', 'sea_view']",2025-05-19,2026-08-05T22:00:04.645793,0.85
PROP-155613,Palm Jumeirah,Villa,5,6,2720,1,3654786,6460284,38,"['metro', 'sea_view', 'pool', 'balcony', 'mall', 'parking']",2025-03-04,2026-08-05T22:00:04.645813,0.85
PROP-510702,JLT,Villa,4,6,2401,1,1771955,2176562,17,"['parking', 'gym', 'pool', 'sea_view', 'mall', 'balcony']",2026-03-16,2026-08-05T22:00:04.645832,0.85
PROP-653985,Palm Jumeirah,Apartment,3,2,1480,42,1787485,3646589,28,"['security', 'mall', 'sea_view']",2025-12-28,2026-08-05T22:00:04.645850,0.85
PROP-412042,Bluewaters,Apartment,2,3,1003,44,1058552,2024040,30,"['parking', 'balcony', 'metro', 'mall']",2025-05-15,2026-08-05T22:00:04.645875,0.85
PROP-584405,Downtown Dubai,Apartment,1,3,709,24,926435,1352079,17,"['gym', 'parking', 'metro']",2026-04-26,2026-08-05T22:00:04.645892,0.85
PROP-456443,Dubai Marina,Penthouse,4,6,1841,24,1938125,2822504,10,"['metro', 'mall', 'gym']",2025-07-14,2026-08-05T22:00:04.645910,0.85
PROP-866278,Arabian Ranches,Villa,5,5,2791,1,1787578,2905290,30,"['balcony', 'metro', 'parking', 'mall', 'pool']",2025-11-17,2026-08-05T22:00:04.645930,0.85
PROP-820190,Dubai Marina,Townhouse,1,1,689,1,717371,804150,28,"['sea_view', 'pool']",2025-09-15,2026-08-05T22:00:04.645947,0.85
PROP-945891,Bluewaters,Apartment,2,2,1014,14,1565266,2123683,17,"['balcony', 'mall', 'parking', 'pool', 'security', 'sea_view']",2025-12-04,2026-08-05T22:00:04.645966,0.85
PROP-616508,Downtown Dubai,Apartment,1,1,864,34,1022886,1665064,7,"['pool', 'balcony', 'gym', 'sea_view', 'mall', 'parking']",2026-01-08,2026-08-05T22:00:04.645987,0.85
PROP-620792,Downtown Dubai,Villa,6,7,2562,1,3544639,4900819,27,"['gym', 'metro']",2025-02-07,2026-08-05T22:00:04.646003,0.85
PROP-950067,Palm Jumeirah,Penthouse,3,5,1742,36,2784771,3775143,13,"['parking', 'gym']",2026-06-26,2026-08-05T22:00:04.646021,0.85
PROP-376705,Dubai Marina,Apartment,2,4,1137,9,1229705,1548519,9,"['metro', 'parking', 'security']",2025-03-05,2026-08-05T22:00:04.646039,0.85
PROP-240431,Bluewaters,Townhouse,3,2,1917,1,2904260,4081999,32,"['metro', 'parking', 'balcony']",2025-07-15,2026-08-05T22:00:04.646056,0.85
PROP-459609,Dubai Marina,Apartment,2,1,1131,41,1196453,1406305,26,"['security', 'gym', 'mall', 'balcony']",2025-03-09,2026-08-05T22:00:04.646074,0.85
PROP-451473,Dubai Marina,Villa,6,6,2538,1,2839961,3561535,25,"['gym', 'mall', 'security']",2025-10-03,2026-08-05T22:00:04.646092,0.85
PROP-616293,Palm Jumeirah,Penthouse,3,2,1363,45,2204149,3150586,17,"['metro', 'sea_view', 'pool', 'parking', 'mall', 'gym']",2025-11-18,2026-08-05T22:00:04.646111,0.85
PROP-645528,JLT,Penthouse,4,3,2077,8,1711246,1927362,44,"['pool', 'gym']",2026-04-27,2026-08-05T22:00:04.646128,0.85
PROP-204800,Downtown Dubai,Townhouse,2,4,1155,1,1562394,2145576,16,"['mall', 'pool', 'parking']",2025-12-15,2026-08-05T22:00:04.646145,0.85
PROP-751353,Downtown Dubai,Villa,5,6,2331,1,3152329,3975393,9,"['gym', 'security', 'sea_view', 'metro', 'balcony']",2026-03-03,2026-08-05T22:00:04.646166,0.85
PROP-799512,Downtown Dubai,Townhouse,2,1,981,1,1084910,1699796,29,"['mall', 'metro', 'gym', 'parking', 'balcony', 'pool']",2025-03-06,2026-08-05T22:00:04.646189,0.85
PROP-573467,Arabian Ranches,Villa,6,5,2643,1,1677862,2865943,24,"['gym', 'sea_view']",2025-06-28,2026-08-05T22:00:04.646206,0.85
PROP-711214,Bluewaters,Apartment,3,2,1725,37,2300555,2827109,20,"['parking', 'pool', 'sea_view', 'security']",2025-10-28,2026-08-05T22:00:04.646224,0.85
PROP-707418,Downtown Dubai,Penthouse,5,7,3123,25,4301615,5602857,30,"['mall', 'pool', 'balcony', 'parking', 'gym', 'sea_view']",2025-06-27,2026-08-05T22:00:04.646244,0.85
PROP-979950,JLT,Villa,4,5,2128,1,1464749,2195436,45,"['security', 'gym', 'metro', 'pool']",2025-12-14,2026-08-05T22:00:04.646262,0.85
PROP-579389,Downtown Dubai,Townhouse,1,3,841,1,1033359,1650477,17,"['pool', 'balcony', 'security', 'gym', 'sea_view', 'parking']",2026-03-21,2026-08-05T22:00:04.646280,0.85
PROP-645478,JLT,Apartment,3,5,1392,20,1069749,1528983,24,"['security', 'parking', 'sea_view', 'balcony', 'metro', 'mall']",2025-11-05,2026-08-05T22:00:04.646299,0.85
PROP-670950,Downtown Dubai,Apartment,2,1,1184,43,1203591,1758800,26,"['metro', 'parking', 'pool', 'balcony', 'gym', 'security']",2025-07-08,2026-08-05T22:00:04.646318,0.85
PROP-948027,Bluewaters,Villa,6,7,2619,1,3212240,4784854,24,"['security', 'pool']",2025-03-06,2026-08-05T22:00:04.646335,0.85
PROP-914972,JLT,Apartment,3,3,1835,34,1273688,1653437,46,"['balcony', 'metro']",2025-12-06,2026-08-05T22:00:04.646353,0.85
PROP-601656,Palm Jumeirah,Penthouse,5,5,2455,20,4153442,4886262,41,"['pool', 'metro']",2026-01-08,2026-08-05T22:00:04.646371,0.85
PROP-150243,Downtown Dubai,Apartment,1,3,803,25,795010,1150771,30,"['security', 'pool', 'metro', 'gym', 'parking']",2026-06-10,2026-08-05T22:00:04.646391,0.85
PROP-305415,Dubai Marina,Penthouse,5,4,2772,6,2454585,3889855,36,"['pool', 'security', 'metro', 'gym']",2025-01-12,2026-08-05T22:00:04.646410,0.85
PROP-509718,Arabian Ranches,Penthouse,5,7,2723,4,1784094,2630835,29,"['pool', 'security', 'metro', 'sea_view']",2025-09-22,2026-08-05T22:00:04.646428,0.85
PROP-860205,Downtown Dubai,Apartment,3,5,1461,27,1873394,2568127,15,"['gym', 'sea_view']",2025-03-05,2026-08-05T22:00:04.646445,0.85
PROP-170420,Bluewaters,Penthouse,4,3,1953,45,2975477,3203069,35,"['pool', 'security', 'balcony', 'sea_view']",2025-10-05,2026-08-05T22:00:04.646464,0.85
PROP-589887,Downtown Dubai,Villa,4,6,1781,1,2510989,3513050,14,"['parking', 'gym', 'mall', 'security']",2026-04-02,2026-08-05T22:00:04.646481,0.85
PROP-590448,Arabian Ranches,Apartment,2,1,988,44,498344,1067907,21,"['gym', 'mall', 'security', 'metro', 'parking']",2026-03-02,2026-08-05T22:00:04.646500,0.85
PROP-706922,JLT,Townhouse,2,1,1007,1,739386,1074892,34,"['balcony', 'parking', 'mall', 'pool']",2026-01-11,2026-08-05T22:00:04.646517,0.85
PROP-972415,Palm Jumeirah,Apartment,1,3,786,3,1399564,1466802,21,"['pool', 'gym', 'security', 'metro']",2025-11-01,2026-08-05T22:00:04.646537,0.85
PROP-770105,Dubai Marina,Penthouse,4,3,1881,32,1919032,2229284,14,"['pool', 'metro']",2026-02-07,2026-08-05T22:00:04.646554,0.85
PROP-966473,Dubai Marina,Penthouse,5,5,2079,17,2010378,3299038,14,"['sea_view', 'mall', 'security', 'balcony', 'metro', 'pool']",2025-05-12,2026-08-05T22:00:04.646573,0.85
PROP-813813,Downtown Dubai,Villa,3,3,1730,1,1999956,2773333,22,"['pool', 'security', 'sea_view', 'balcony', 'metro']",2025-05-28,2026-08-05T22:00:04.646592,0.85
PROP-666881,Dubai Marina,Penthouse,4,3,2166,16,2391507,2943894,34,"['pool', 'parking', 'mall']",2025-06-12,2026-08-05T22:00:04.646609,0.85
PROP-820106,Downtown Dubai,Apartment,3,3,1402,41,1580987,2529670,6,"['sea_view', 'pool', 'parking', 'balcony', 'security']",2026-04-14,2026-08-05T22:00:04.646627,0.85
PROP-684608,Palm Jumeirah,Penthouse,5,5,2822,34,4371100,6930682,15,"['parking', 'mall', 'balcony', 'security', 'sea_view', 'metro']",2026-06-11,2026-08-05T22:00:04.646646,0.85
PROP-734563,Arabian Ranches,Townhouse,1,3,886,1,486691,942719,21,"['parking', 'pool', 'mall']",2026-06-11,2026-08-05T22:00:04.646663,0.85
PROP-573813,Bluewaters,Villa,6,7,3123,1,4278885,5555449,30,"['gym', 'sea_view', 'pool', 'parking']",2025-07-16,2026-08-05T22:00:04.646681,0.85
PROP-388253,Bluewaters,Penthouse,3,5,1401,12,1607019,2698860,25,"['mall', 'gym', 'balcony', 'metro', 'pool']",2025-04-05,2026-08-05T22:00:04.646702,0.85
PROP-977705,JLT,Apartment,3,2,1938,32,1517705,1836722,34,"['metro', 'balcony', 'security']",2026-01-26,2026-08-05T22:00:04.646721,0.85
PROP-829286,Downtown Dubai,Townhouse,3,3,1547,1,2072134,2659732,25,"['pool', 'security', 'sea_view', 'gym', 'balcony', 'metro']",2026-05-19,2026-08-05T22:00:04.646743,0.85
PROP-916189,Palm Jumeirah,Apartment,3,4,1928,25,3092388,3918301,27,"['pool', 'mall', 'sea_view', 'metro', 'gym', 'security']",2026-01-10,2026-08-05T22:00:04.646765,0.85
PROP-769307,Bluewaters,Townhouse,2,3,1021,1,1556498,1874458,29,"['security', 'gym', 'parking', 'balcony', 'sea_view']",2025-12-29,2026-08-05T22:00:04.646783,0.85
PROP-373393,Downtown Dubai,Villa,5,7,2229,1,2724211,4326290,22,"['sea_view', 'security']",2026-01-27,2026-08-05T22:00:04.646801,0.85
PROP-828338,Dubai Marina,Townhouse,1,2,881,1,743602,1385383,21,"['parking', 'security', 'balcony']",2025-12-01,2026-08-05T22:00:04.646818,0.85
PROP-505042,Downtown Dubai,Townhouse,3,4,1342,1,1842587,2635349,7,"['metro', 'parking', 'mall', 'pool', 'security', 'sea_view']",2025-11-02,2026-08-05T22:00:04.646838,0.85
PROP-808236,Arabian Ranches,Townhouse,1,2,892,1,593644,879682,29,"['pool', 'gym', 'parking']",2026-03-07,2026-08-05T22:00:04.646862,0.85
PROP-320395,Arabian Ranches,Apartment,1,3,850,11,417565,897993,43,"['security', 'parking', 'pool', 'sea_view']",2025-06-16,2026-08-05T22:00:04.646881,0.85
PROP-483894,JLT,Townhouse,1,2,757,1,478618,793547,23,"['security', 'sea_view']",2026-01-17,2026-08-05T22:00:04.646897,0.85
PROP-830989,Arabian Ranches,Villa,6,8,3584,1,1804080,4084473,35,"['pool', 'mall', 'balcony', 'parking']",2026-01-29,2026-08-05T22:00:04.646917,0.85
PROP-734463,Bluewaters,Apartment,2,1,999,12,1265315,1967461,41,"['mall', 'balcony']",2026-04-25,2026-08-05T22:00:04.646934,0.85
PROP-536294,Bluewaters,Villa,6,5,2798,1,3050040,5894886,27,"['sea_view', 'security', 'gym', 'mall', 'parking', 'metro']",2025-04-27,2026-08-05T22:00:04.646953,0.85
PROP-634992,Dubai Marina,Townhouse,3,5,1959,1,1908084,2428707,36,"['parking', 'security', 'sea_view']",2025-07-20,2026-08-05T22:00:04.646970,0.85
PROP-187008,Palm Jumeirah,Townhouse,3,4,1927,1,3419394,4543137,23,"['balcony', 'gym', 'mall', 'metro', 'parking', 'security']",2026-03-14,2026-08-05T22:00:04.646989,0.85
PROP-773867,Bluewaters,Penthouse,4,3,1639,3,1709726,3410714,22,"['security', 'pool', 'gym']",2026-03-02,2026-08-05T22:00:04.647007,0.85
PROP-815123,Dubai Marina,Townhouse,2,1,908,1,814141,1216960,25,"['metro', 'balcony', 'sea_view']",2026-01-06,2026-08-05T22:00:04.647026,0.85
PROP-768280,Dubai Marina,Townhouse,2,3,1334,1,1336784,1724745,28,"['parking', 'security', 'sea_view', 'gym', 'metro']",2025-04-05,2026-08-05T22:00:04.647045,0.85
PROP-651370,JLT,Townhouse,3,5,1267,1,809512,1335150,40,"['sea_view', 'parking', 'gym']",2026-04-16,2026-08-05T22:00:04.647062,0.85
PROP-161849,Downtown Dubai,Villa,3,3,1326,1,1353344,2338994,32,"['balcony', 'mall']",2026-04-01,2026-08-05T22:00:04.647079,0.85
PROP-643876,JLT,Apartment,1,1,690,32,447151,700531,31,"['pool', 'balcony', 'gym', 'security']",2025-05-18,2026-08-05T22:00:04.647099,0.85
PROP-698966,Bluewaters,Apartment,3,5,1377,23,1761517,2468285,34,"['balcony', 'security', 'gym', 'metro']",2026-01-25,2026-08-05T22:00:04.647117,0.85
PROP-853180,Dubai Marina,Townhouse,1,1,812,1,745146,1160217,16,"['metro', 'pool']",2026-01-15,2026-08-05T22:00:04.647134,0.85
PROP-290619,JLT,Apartment,3,5,1314,30,1059405,1129378,42,"['parking', 'metro', 'pool']",2025-07-26,2026-08-05T22:00:04.647153,0.85
PROP-440894,Downtown Dubai,Villa,4,6,1723,1,2260139,3238622,25,"['gym', 'sea_view', 'parking', 'mall', 'balcony', 'pool']",2026-01-22,2026-08-05T22:00:04.647172,0.85
PROP-329497,Bluewaters,Townhouse,3,3,1867,1,2109188,3609968,20,"['metro', 'pool', 'security', 'sea_view']",2025-02-27,2026-08-05T22:00:04.647196,0.85
PROP-295868,Downtown Dubai,Penthouse,4,4,1812,22,1966560,2812836,29,"['gym', 'mall', 'security', 'balcony', 'sea_view']",2026-07-05,2026-08-05T22:00:04.647215,0.85
PROP-244992,Arabian Ranches,Villa,6,5,2474,1,1384119,2721439,40,"['mall', 'sea_view', 'pool', 'gym', 'security']",2025-07-27,2026-08-05T22:00:04.647233,0.85
PROP-146625,Arabian Ranches,Villa,4,4,1578,1,808459,1592663,44,"['security', 'gym']",2026-05-15,2026-08-05T22:00:04.647250,0.85
PROP-293626,Palm Jumeirah,Penthouse,5,7,2767,33,4708904,5829678,34,"['sea_view', 'mall', 'balcony']",2025-07-02,2026-08-05T22:00:04.647268,0.85
PROP-169634,Downtown Dubai,Penthouse,3,2,1311,18,1873989,2021263,16,"['sea_view', 'pool']",2025-04-05,2026-08-05T22:00:04.647287,0.85
PROP-390648,Palm Jumeirah,Villa,4,3,1596,1,2462462,3059908,42,"['sea_view', 'mall', 'pool', 'metro', 'parking', 'balcony']",2025-02-20,2026-08-05T22:00:04.647306,0.85
PROP-764053,Bluewaters,Villa,3,3,1448,1,1801913,2725219,17,"['mall', 'pool', 'balcony', 'metro', 'gym', 'security']",2026-05-31,2026-08-05T22:00:04.647324,0.85
PROP-735266,Downtown Dubai,Villa,3,3,1330,1,1830120,2599342,34,"['metro', 'security', 'sea_view', 'gym', 'pool']",2026-03-07,2026-08-05T22:00:04.647342,0.85
PROP-753235,Bluewaters,Apartment,1,1,753,7,820718,1286443,14,"['pool', 'security', 'gym', 'parking', 'metro', 'mall']",2026-01-01,2026-08-05T22:00:04.647361,0.85
PROP-914375,Bluewaters,Villa,3,4,1686,1,2112528,3038826,28,"['parking', 'security']",2025-09-03,2026-08-05T22:00:04.647378,0.85
PROP-257420,Arabian Ranches,Apartment,1,2,546,6,299354,620775,42,"['parking', 'mall', 'pool', 'balcony', 'metro']",2026-02-07,2026-08-05T22:00:04.647396,0.85
PROP-850437,Arabian Ranches,Townhouse,2,2,907,1,587872,916086,51,"['metro', 'mall', 'pool', 'sea_view']",2025-11-08,2026-08-05T22:00:04.647413,0.85
PROP-665852,Bluewaters,Townhouse,1,3,503,1,575223,941737,15,"['security', 'mall', 'parking', 'balcony']",2025-08-21,2026-08-05T22:00:04.647431,0.85
PROP-542981,Palm Jumeirah,Penthouse,4,4,1729,17,3039390,4187070,37,"['pool', 'gym', 'security']",2026-05-05,2026-08-05T22:00:04.647448,0.85
PROP-532371,Dubai Marina,Townhouse,3,3,1634,1,1602480,2024469,14,"['pool', 'security', 'sea_view', 'mall', 'metro', 'gym']",2026-06-30,2026-08-05T22:00:04.647468,0.85
PROP-133956,Downtown Dubai,Villa,4,5,2094,1,2354383,3259598,31,"['pool', 'gym', 'sea_view']",2025-09-16,2026-08-05T22:00:04.647487,0.85
PROP-564322,Downtown Dubai,Apartment,1,1,792,26,1123976,1377016,28,"['sea_view', 'security', 'parking', 'balcony', 'pool']",2025-06-24,2026-08-05T22:00:04.647506,0.85
PROP-584175,Arabian Ranches,Townhouse,2,3,1104,1,780511,1076824,47,"['parking', 'metro']",2025-10-05,2026-08-05T22:00:04.647523,0.85
PROP-680746,JLT,Apartment,1,1,622,8,521968,593546,18,"['pool', 'metro', 'sea_view']",2025-05-22,2026-08-05T22:00:04.647540,0.85
PROP-569511,Downtown Dubai,Apartment,2,4,986,32,1023171,1685831,21,"['gym', 'metro']",2025-07-05,2026-08-05T22:00:04.647557,0.85
PROP-448273,Dubai Marina,Villa,3,2,1442,1,1365348,1727145,10,"['mall', 'pool', 'gym', 'metro', 'security']",2025-12-04,2026-08-05T22:00:04.647576,0.85
PROP-692583,Dubai Marina,Apartment,2,3,1211,32,1075471,1817121,14,"['security', 'pool']",2026-07-05,2026-08-05T22:00:04.647595,0.85
PROP-449975,JLT,Villa,5,6,2638,1,2139476,2582201,32,"['security', 'pool']",2026-06-29,2026-08-05T22:00:04.647612,0.85
PROP-650099,Downtown Dubai,Villa,6,6,3002,1,4089921,5805213,17,"['gym', 'parking', 'balcony']",2026-05-15,2026-08-05T22:00:04.647629,0.85
PROP-891775,Downtown Dubai,Villa,6,5,2277,1,3256827,3738357,17,"['balcony', 'parking']",2026-06-24,2026-08-05T22:00:04.647647,0.85
PROP-670297,Dubai Marina,Apartment,1,3,848,43,804115,1320306,10,"['balcony', 'mall']",2025-11-27,2026-08-05T22:00:04.647664,0.85
PROP-139738,Arabian Ranches,Apartment,3,4,1589,21,857789,1905601,23,"['parking', 'pool', 'mall', 'balcony']",2025-02-15,2026-08-05T22:00:04.647682,0.85
PROP-818437,Arabian Ranches,Townhouse,3,5,1723,1,1236299,1880937,41,"['security', 'mall']",2025-04-02,2026-08-05T22:00:04.647699,0.85
PROP-360300,Dubai Marina,Penthouse,4,5,1814,25,2038868,2130034,24,"['pool', 'security', 'metro', 'balcony']",2025-10-13,2026-08-05T22:00:04.647716,0.85
PROP-846048,Downtown Dubai,Villa,5,7,2187,1,2873159,4330751,25,"['balcony', 'mall', 'metro', 'pool', 'security', 'sea_view']",2026-05-04,2026-08-05T22:00:04.647735,0.85
PROP-761467,Palm Jumeirah,Villa,6,6,2345,1,3321536,5067310,39,"['parking', 'pool', 'metro', 'security', 'sea_view', 'balcony']",2026-05-30,2026-08-05T22:00:04.647757,0.85
PROP-756367,Bluewaters,Townhouse,1,1,699,1,971293,1433338,29,"['mall', 'gym', 'pool', 'sea_view', 'security', 'balcony']",2025-02-07,2026-08-05T22:00:04.647777,0.85
PROP-873267,Arabian Ranches,Townhouse,3,2,1483,1,1042160,1732513,30,"['parking', 'gym', 'pool', 'security', 'mall', 'balcony']",2025-01-27,2026-08-05T22:00:04.647796,0.85
PROP-969070,Downtown Dubai,Penthouse,5,6,2415,35,2518448,4557400,12,"['pool', 'security', 'metro', 'parking', 'sea_view', 'balcony']",2026-04-20,2026-08-05T22:00:04.647815,0.85
PROP-929909,Downtown Dubai,Villa,6,5,2862,1,2873224,5119463,6,"['mall', 'sea_view', 'balcony']",2025-10-27,2026-08-05T22:00:04.647835,0.85
PROP-848035,Downtown Dubai,Penthouse,5,5,2640,38,3729711,4757717,31,"['pool', 'parking', 'mall', 'balcony', 'metro']",2025-11-13,2026-08-05T22:00:04.647859,0.85
PROP-449497,Dubai Marina,Townhouse,1,3,659,1,615356,887790,26,"['parking', 'security', 'mall']",2025-11-23,2026-08-05T22:00:04.647878,0.85
PROP-975651,Bluewaters,Penthouse,4,3,2531,38,3672092,5271786,32,"['parking', 'mall', 'sea_view', 'pool', 'security']",2025-09-18,2026-08-05T22:00:04.647918,0.85
PROP-688076,Arabian Ranches,Penthouse,4,4,2371,40,1382373,2322853,37,"['parking', 'pool', 'security', 'metro']",2026-01-24,2026-08-05T22:00:04.647937,0.85
PROP-378835,Palm Jumeirah,Apartment,2,2,1062,38,1728124,2525291,26,"['parking', 'pool', 'balcony', 'sea_view']",2025-11-25,2026-08-05T22:00:04.647956,0.85
PROP-545555,Arabian Ranches,Penthouse,5,5,2656,28,1362502,2596397,36,"['mall', 'balcony', 'metro']",2026-04-22,2026-08-05T22:00:04.647974,0.85
PROP-960617,Dubai Marina,Apartment,1,2,577,8,571887,853004,32,"['sea_view', 'mall', 'balcony']",2026-01-18,2026-08-05T22:00:04.647992,0.85
PROP-198980,Downtown Dubai,Penthouse,3,3,1555,27,2160411,2495833,11,"['balcony', 'parking']",2025-02-17,2026-08-05T22:00:04.648010,0.85
PROP-433325,JLT,Townhouse,3,2,1460,1,1273015,1289946,26,"['parking', 'mall', 'pool', 'balcony', 'sea_view']",2025-04-27,2026-08-05T22:00:04.648030,0.85
PROP-673261,Bluewaters,Apartment,1,2,534,37,664750,1125178,26,"['gym', 'metro', 'balcony', 'mall', 'parking']",2026-05-29,2026-08-05T22:00:04.648050,0.85
PROP-377900,Arabian Ranches,Apartment,2,4,1156,7,630204,1193980,34,"['gym', 'metro', 'mall', 'parking', 'sea_view', 'security']",2025-06-12,2026-08-05T22:00:04.648069,0.85
PROP-428786,Arabian Ranches,Penthouse,5,5,3037,26,1965409,3233996,30,"['metro', 'balcony', 'parking', 'pool', 'sea_view', 'gym']",2025-10-12,2026-08-05T22:00:04.648088,0.85
PROP-218896,Bluewaters,Apartment,1,1,676,39,937573,1105363,32,"['sea_view', 'gym', 'mall', 'security', 'pool']",2025-07-10,2026-08-05T22:00:04.648107,0.85
PROP-204866,Dubai Marina,Penthouse,3,5,1703,15,1838743,2331251,33,"['metro', 'gym', 'security', 'parking', 'mall', 'sea_view']",2026-02-25,2026-08-05T22:00:04.648125,0.85
PROP-407565,Arabian Ranches,Townhouse,2,3,1134,1,647463,1023212,21,"['balcony', 'metro', 'gym', 'parking', 'mall', 'pool']",2026-05-28,2026-08-05T22:00:04.648144,0.85
PROP-430036,JLT,Penthouse,5,6,3080,40,2249855,2923693,18,"['metro', 'parking', 'gym', 'pool']",2025-09-03,2026-08-05T22:00:04.648163,0.85
PROP-545803,JLT,Townhouse,2,4,1249,1,1083806,1213232,42,"['sea_view', 'gym', 'metro', 'balcony']",2026-05-26,2026-08-05T22:00:04.648185,0.85
PROP-763354,Downtown Dubai,Villa,5,6,2560,1,3420093,4896186,9,"['sea_view', 'mall', 'parking', 'pool', 'balcony']",2025-06-16,2026-08-05T22:00:04.648205,0.85
PROP-601601,Palm Jumeirah,Townhouse,1,1,669,1,799716,1291649,18,"['balcony', 'gym', 'security']",2025-05-06,2026-08-05T22:00:04.648224,0.85
PROP-490604,Bluewaters,Penthouse,4,6,1797,40,1898277,2905118,13,"['balcony', 'sea_view', 'pool']",2026-04-20,2026-08-05T22:00:04.648243,0.85
PROP-515320,Arabian Ranches,Townhouse,3,5,1198,1,793696,1430206,21,"['mall', 'balcony']",2025-02-02,2026-08-05T22:00:04.648262,0.85
PROP-931026,JLT,Penthouse,5,5,2140,12,1654973,2278551,28,"['pool', 'metro', 'parking', 'security', 'gym']",2025-05-16,2026-08-05T22:00:04.648281,0.85
PROP-550975,Palm Jumeirah,Villa,6,5,2478,1,4316813,4553151,29,"['security', 'sea_view', 'mall', 'parking']",2025-11-16,2026-08-05T22:00:04.648301,0.85
PROP-627918,Palm Jumeirah,Penthouse,5,4,2723,23,4849842,6112837,24,"['parking', 'mall', 'gym', 'pool']",2025-11-16,2026-08-05T22:00:04.648319,0.85
PROP-306369,Palm Jumeirah,Townhouse,2,3,840,1,1315936,1764391,22,"['balcony', 'sea_view', 'security', 'parking']",2026-02-15,2026-08-05T22:00:04.648337,0.85
PROP-796776,Dubai Marina,Apartment,1,1,718,19,759005,1010504,32,"['gym', 'security', 'metro', 'sea_view', 'mall']",2025-10-29,2026-08-05T22:00:04.648358,0.85
PROP-786874,Palm Jumeirah,Villa,6,6,2340,1,3988949,5121235,25,"['gym', 'security', 'parking']",2026-06-29,2026-08-05T22:00:04.648375,0.85
PROP-754446,Arabian Ranches,Apartment,1,3,534,17,298478,582381,22,"['security', 'parking', 'sea_view', 'balcony', 'gym']",2025-10-14,2026-08-05T22:00:04.648394,0.85
PROP-561941,Downtown Dubai,Townhouse,1,2,471,1,646100,903346,29,"['gym', 'sea_view']",2025-05-28,2026-08-05T22:00:04.648411,0.85
PROP-959254,JLT,Townhouse,3,2,1650,1,1479504,1458032,25,"['balcony', 'parking', 'security', 'pool']",2025-12-08,2026-08-05T22:00:04.648430,0.85
PROP-254228,Arabian Ranches,Townhouse,3,2,1624,1,955043,1843700,24,"['sea_view', 'gym']",2026-03-08,2026-08-05T22:00:04.648448,0.85
PROP-604617,Arabian Ranches,Penthouse,5,6,2732,40,1683719,2807609,39,"['parking', 'metro', 'sea_view', 'balcony', 'pool', 'gym']",2025-08-09,2026-08-05T22:00:04.648467,0.85
PROP-844984,Arabian Ranches,Villa,6,5,2850,1,1833820,2781993,28,"['gym', 'metro']",2025-06-13,2026-08-05T22:00:04.648484,0.85
PROP-131544,Palm Jumeirah,Villa,5,5,2395,1,3705213,5304146,18,"['security', 'gym', 'balcony', 'pool', 'metro', 'sea_view']",2025-02-22,2026-08-05T22:00:04.648503,0.85
PROP-955862,JLT,Villa,4,4,2291,1,2009770,2321945,34,"['parking', 'gym', 'pool']",2026-05-18,2026-08-05T22:00:04.648521,0.85
PROP-227614,Dubai Marina,Apartment,1,1,495,2,397332,673700,23,"['metro', 'pool', 'mall', 'sea_view', 'security']",2025-06-13,2026-08-05T22:00:04.648539,0.85
PROP-891797,Dubai Marina,Apartment,2,2,1186,6,1048370,1848540,16,"['balcony', 'parking', 'sea_view', 'gym', 'pool', 'metro']",2025-02-13,2026-08-05T22:00:04.648558,0.85
PROP-868957,Dubai Marina,Penthouse,4,6,2581,42,2141638,3245429,22,"['sea_view', 'metro', 'mall', 'pool', 'balcony', 'security']",2025-12-23,2026-08-05T22:00:04.648577,0.85
PROP-557086,Dubai Marina,Penthouse,4,4,1689,18,1891080,2662283,27,"['mall', 'metro', 'pool', 'parking', 'sea_view']",2026-05-23,2026-08-05T22:00:04.648596,0.85
PROP-101662,JLT,Penthouse,4,5,1629,1,1419667,1495252,28,"['gym', 'sea_view', 'pool', 'mall']",2025-09-23,2026-08-05T22:00:04.648618,0.85
PROP-408492,JLT,Townhouse,1,3,744,1,618805,699977,33,"['pool', 'parking', 'balcony', 'gym', 'security', 'sea_view']",2025-12-08,2026-08-05T22:00:04.648637,0.85
PROP-766138,Arabian Ranches,Villa,6,8,2638,1,1650501,2995379,37,"['metro', 'balcony', 'mall']",2025-01-13,2026-08-05T22:00:04.648654,0.85
PROP-495370,Arabian Ranches,Apartment,2,4,1237,24,602854,1411237,34,"['sea_view', 'security', 'pool']",2025-03-24,2026-08-05T22:00:04.648672,0.85
PROP-898021,Dubai Marina,Villa,4,3,1655,1,1548054,2401026,20,"['parking', 'security', 'pool', 'mall', 'sea_view']",2026-07-11,2026-08-05T22:00:04.648690,0.85
PROP-404912,Arabian Ranches,Townhouse,1,1,886,1,502087,933090,51,"['mall', 'security']",2025-03-05,2026-08-05T22:00:04.648706,0.85
PROP-379205,Bluewaters,Apartment,3,3,1673,25,2250430,3463837,14,"['parking', 'mall', 'pool', 'balcony', 'security', 'sea_view']",2025-05-02,2026-08-05T22:00:04.648727,0.85
PROP-814096,Downtown Dubai,Villa,4,6,2102,1,2610820,3509430,29,"['sea_view', 'parking', 'gym', 'pool']",2025-07-18,2026-08-05T22:00:04.648745,0.85
PROP-869987,Palm Jumeirah,Townhouse,2,1,1184,1,1943230,2235976,40,"['parking', 'gym', 'mall', 'security', 'pool', 'sea_view']",2026-06-08,2026-08-05T22:00:04.648774,0.85
PROP-627537,Dubai Marina,Apartment,3,5,1493,27,1312405,1681745,14,"['parking', 'mall', 'security']",2026-01-22,2026-08-05T22:00:04.648792,0.85
PROP-242868,Downtown Dubai,Townhouse,3,4,1182,1,1185192,2023705,34,"['parking', 'gym', 'sea_view', 'mall', 'security', 'pool']",2026-04-01,2026-08-05T22:00:04.648813,0.85
PROP-101075,JLT,Apartment,2,3,1048,5,647323,948890,34,"['gym', 'pool']",2025-06-17,2026-08-05T22:00:04.648832,0.85
PROP-155826,Arabian Ranches,Villa,6,5,3252,1,1806798,3343775,44,"['sea_view', 'gym']",2025-03-28,2026-08-05T22:00:04.648850,0.85
PROP-834696,Arabian Ranches,Villa,4,3,1768,1,878715,1819371,31,"['pool', 'security']",2025-10-16,2026-08-05T22:00:04.648875,0.85
PROP-237893,Bluewaters,Apartment,3,4,1746,45,2057205,3642918,15,"['mall', 'security', 'balcony', 'sea_view', 'gym', 'metro']",2025-08-03,2026-08-05T22:00:04.648894,0.85
PROP-137247,Arabian Ranches,Townhouse,2,4,1251,1,724605,1400883,51,"['parking', 'security', 'gym', 'mall', 'pool', 'metro']",2026-04-04,2026-08-05T22:00:04.648913,0.85
PROP-921739,Palm Jumeirah,Townhouse,1,1,827,1,1288524,1722059,34,"['gym', 'security', 'parking']",2025-11-26,2026-08-05T22:00:04.648931,0.85
PROP-569557,Bluewaters,Townhouse,2,3,1191,1,1431812,2561885,24,"['pool', 'security', 'parking', 'balcony', 'metro', 'mall']",2025-04-29,2026-08-05T22:00:04.648949,0.85
PROP-244598,Downtown Dubai,Villa,5,6,2797,1,2947230,4425368,9,"['security', 'mall', 'sea_view', 'parking']",2025-06-07,2026-08-05T22:00:04.648968,0.85
PROP-481914,Arabian Ranches,Apartment,2,3,1054,29,740416,1171422,33,"['mall', 'balcony', 'parking', 'sea_view']",2026-04-13,2026-08-05T22:00:04.648985,0.85
PROP-798438,JLT,Villa,4,4,2248,1,1749438,2163143,27,"['gym', 'pool', 'security', 'parking']",2026-06-11,2026-08-05T22:00:04.649005,0.85
PROP-156605,Arabian Ranches,Apartment,1,1,522,30,348141,617223,24,"['pool', 'gym', 'parking', 'sea_view', 'security', 'balcony']",2025-06-09,2026-08-05T22:00:04.649024,0.85
PROP-799254,Bluewaters,Villa,4,3,2101,1,3186090,3758849,40,"['gym', 'sea_view', 'mall', 'pool']",2026-04-03,2026-08-05T22:00:04.649042,0.85
PROP-182774,Downtown Dubai,Villa,6,7,3689,1,4174196,7293844,4,"['metro', 'mall', 'sea_view']",2026-06-11,2026-08-05T22:00:04.649059,0.85
PROP-396243,Palm Jumeirah,Apartment,2,2,1261,23,2239486,2847682,34,"['balcony', 'security', 'sea_view', 'mall', 'parking', 'pool']",2025-04-10,2026-08-05T22:00:04.649078,0.85
PROP-150483,Dubai Marina,Penthouse,3,5,1787,9,1692164,2457790,38,"['sea_view', 'mall', 'pool', 'gym']",2026-04-22,2026-08-05T22:00:04.649098,0.85
PROP-147822,Dubai Marina,Penthouse,4,4,1814,14,1865536,2520533,9,"['sea_view', 'gym', 'pool', 'metro']",2025-05-15,2026-08-05T22:00:04.649119,0.85
PROP-671938,Arabian Ranches,Townhouse,1,1,741,1,467160,869161,51,"['sea_view', 'balcony', 'metro']",2025-12-19,2026-08-05T22:00:04.649137,0.85
PROP-610544,Palm Jumeirah,Townhouse,1,2,915,1,1212500,1676273,25,"['pool', 'mall']",2025-05-20,2026-08-05T22:00:04.649153,0.85
PROP-851964,Arabian Ranches,Apartment,3,2,1745,28,1232488,2046274,38,"['gym', 'balcony']",2025-05-28,2026-08-05T22:00:04.649170,0.85
PROP-709278,JLT,Penthouse,4,3,2419,31,1814942,2439117,21,"['security', 'balcony', 'parking']",2025-09-04,2026-08-05T22:00:04.649195,0.85
PROP-268485,Bluewaters,Townhouse,1,1,651,1,836547,1188847,38,"['sea_view', 'parking', 'pool']",2025-11-17,2026-08-05T22:00:04.649212,0.85
PROP-710389,Bluewaters,Townhouse,1,1,684,1,1061635,1222897,15,"['parking', 'mall', 'pool', 'security', 'metro']",2026-01-14,2026-08-05T22:00:04.649230,0.85
PROP-979682,Dubai Marina,Villa,4,4,1881,1,1691340,2158681,9,"['pool', 'sea_view']",2025-05-22,2026-08-05T22:00:04.649248,0.85
PROP-502680,Bluewaters,Apartment,2,2,1078,36,1631340,2054950,18,"['parking', 'pool']",2026-04-19,2026-08-05T22:00:04.649265,0.85
PROP-998849,JLT,Penthouse,3,3,1624,19,1411118,1462174,46,"['sea_view', 'metro', 'balcony', 'mall', 'security']",2025-07-24,2026-08-05T22:00:04.649284,0.85
PROP-827937,Arabian Ranches,Villa,3,3,1819,1,1009189,1852783,28,"['metro', 'sea_view', 'gym']",2026-06-30,2026-08-05T22:00:04.649301,0.85
PROP-220098,Downtown Dubai,Penthouse,4,5,2127,5,2303116,4232691,32,"['parking', 'pool']",2025-04-05,2026-08-05T22:00:04.649319,0.85
PROP-170805,Dubai Marina,Townhouse,1,1,913,1,714151,1090599,31,"['gym', 'sea_view', 'balcony']",2026-01-11,2026-08-05T22:00:04.649337,0.85
PROP-448458,Palm Jumeirah,Apartment,3,5,1707,44,2293440,3185474,16,"['metro', 'gym']",2025-07-05,2026-08-05T22:00:04.649354,0.85
PROP-146616,Arabian Ranches,Apartment,3,4,1822,45,1299951,1731344,43,"['metro', 'balcony']",2025-01-10,2026-08-05T22:00:04.649373,0.85
PROP-389523,Bluewaters,Apartment,2,2,1317,45,1772803,2277841,28,"['parking', 'balcony', 'metro', 'security', 'gym']",2025-02-02,2026-08-05T22:00:04.649391,0.85
PROP-744918,Palm Jumeirah,Townhouse,1,1,651,1,781881,1515394,18,"['pool', 'gym']",2025-12-12,2026-08-05T22:00:04.649408,0.85
PROP-541933,Palm Jumeirah,Villa,4,4,2255,1,2531451,4198982,21,"['balcony', 'sea_view', 'gym', 'metro', 'pool']",2026-05-09,2026-08-05T22:00:04.649428,0.85
PROP-622219,Palm Jumeirah,Villa,3,3,1720,1,2015595,3859388,14,"['parking', 'gym', 'metro', 'sea_view']",2025-04-29,2026-08-05T22:00:04.649449,0.85
PROP-306612,Palm Jumeirah,Villa,3,3,1534,1,1702477,3595377,17,"['gym', 'security', 'parking', 'pool', 'metro', 'mall']",2025-06-09,2026-08-05T22:00:04.649468,0.85
PROP-535904,Dubai Marina,Apartment,2,2,1257,30,1141493,1950294,12,"['security', 'gym', 'pool', 'sea_view', 'metro', 'parking']",2026-04-24,2026-08-05T22:00:04.649488,0.85
PROP-983054,Bluewaters,Apartment,2,3,1012,11,1350313,2199553,17,"['pool', 'parking']",2025-11-08,2026-08-05T22:00:04.649505,0.85
PROP-625428,Bluewaters,Townhouse,1,3,633,1,697218,1043624,38,"['gym', 'security', 'metro']",2026-06-14,2026-08-05T22:00:04.649522,0.85
PROP-260402,Dubai Marina,Townhouse,2,3,1213,1,1147233,1791081,37,"['metro', 'gym']",2025-05-22,2026-08-05T22:00:04.649539,0.85
PROP-818125,Dubai Marina,Penthouse,4,5,1715,38,1514856,2540830,17,"['pool', 'security', 'metro', 'sea_view']",2025-12-30,2026-08-05T22:00:04.649559,0.85
PROP-974536,Palm Jumeirah,Villa,4,6,1856,1,2408450,4126190,18,"['security', 'gym', 'metro', 'mall', 'sea_view']",2025-04-30,2026-08-05T22:00:04.649577,0.85
PROP-812169,Dubai Marina,Apartment,2,2,1040,27,1060349,1622210,32,"['sea_view', 'parking', 'mall', 'gym']",2026-03-23,2026-08-05T22:00:04.649595,0.85
PROP-376477,Arabian Ranches,Apartment,3,5,1656,40,1164620,1563687,28,"['gym', 'sea_view', 'balcony', 'metro']",2025-06-14,2026-08-05T22:00:04.649613,0.85
PROP-357449,Downtown Dubai,Villa,5,5,2164,1,3061351,4294382,9,"['pool', 'parking', 'balcony', 'gym']",2025-12-09,2026-08-05T22:00:04.649631,0.85
PROP-916171,Palm Jumeirah,Villa,3,3,1247,1,1980999,2563945,34,"['mall', 'security', 'pool', 'parking', 'balcony', 'gym']",2025-03-11,2026-08-05T22:00:04.649649,0.85
PROP-488726,Bluewaters,Penthouse,5,6,2654,30,3282316,5380358,34,"['sea_view', 'gym', 'parking', 'metro']",2025-04-11,2026-08-05T22:00:04.649667,0.85
PROP-487909,Arabian Ranches,Penthouse,4,6,2149,25,1527823,1975091,27,"['parking', 'pool', 'gym', 'mall']",2025-09-20,2026-08-05T22:00:04.649685,0.85
PROP-416761,Dubai Marina,Apartment,3,4,1780,33,1444494,2262104,33,"['parking', 'mall', 'metro', 'balcony', 'security']",2025-05-23,2026-08-05T22:00:04.649704,0.85
PROP-953160,JLT,Villa,3,3,1391,1,1197699,1228051,24,"['gym', 'parking', 'mall', 'security']",2026-03-09,2026-08-05T22:00:04.649722,0.85
PROP-574800,Palm Jumeirah,Apartment,3,4,1926,38,2351063,4535435,18,"['gym', 'parking', 'metro', 'sea_view', 'mall']",2026-05-22,2026-08-05T22:00:04.649742,0.85
PROP-275124,Arabian Ranches,Penthouse,3,5,1374,44,957513,1248960,41,"['mall', 'balcony']",2025-06-26,2026-08-05T22:00:04.649763,0.85
PROP-553976,Downtown Dubai,Apartment,1,2,917,29,920981,1796879,12,"['parking', 'gym', 'mall', 'sea_view']",2026-01-25,2026-08-05T22:00:04.649781,0.85
PROP-935329,Arabian Ranches,Penthouse,4,5,2451,4,1242615,2348544,51,"['pool', 'sea_view', 'balcony']",2025-04-21,2026-08-05T22:00:04.649799,0.85
PROP-216890,Palm Jumeirah,Villa,4,6,2203,1,2588703,4628463,34,"['metro', 'gym', 'mall', 'security']",2026-06-29,2026-08-05T22:00:04.649818,0.85
PROP-790262,Palm Jumeirah,Apartment,3,2,1917,10,3193421,4701826,15,"['sea_view', 'parking']",2025-02-05,2026-08-05T22:00:04.649836,0.85
PROP-337721,Dubai Marina,Apartment,1,1,664,9,533627,792254,23,"['gym', 'security', 'pool']",2025-09-08,2026-08-05T22:00:04.649859,0.85
PROP-468117,Arabian Ranches,Apartment,1,3,629,32,451891,737521,27,"['security', 'mall']",2025-07-20,2026-08-05T22:00:04.649880,0.85
PROP-346028,Bluewaters,Villa,6,6,3317,1,4459719,5678346,34,"['security', 'parking', 'gym', 'metro', 'balcony']",2025-11-26,2026-08-05T22:00:04.649899,0.85
PROP-824765,Downtown Dubai,Villa,4,6,1829,1,2540368,3222759,9,"['balcony', 'parking']",2025-03-29,2026-08-05T22:00:04.649916,0.85
PROP-151332,Bluewaters,Villa,5,5,2131,1,2660644,3520975,22,"['mall', 'security']",2026-04-12,2026-08-05T22:00:04.649934,0.85
PROP-615262,Arabian Ranches,Penthouse,3,3,1701,8,1128575,1942674,47,"['metro', 'pool', 'mall']",2026-06-05,2026-08-05T22:00:04.649952,0.85
PROP-660078,Dubai Marina,Villa,6,5,3023,1,2599822,4780490,30,"['parking', 'sea_view', 'pool', 'security', 'balcony', 'mall']",2025-10-11,2026-08-05T22:00:04.649971,0.85
PROP-117707,Palm Jumeirah,Penthouse,4,4,2058,17,2416786,4006666,43,"['parking', 'gym', 'metro']",2025-01-19,2026-08-05T22:00:04.649989,0.85
PROP-524701,Bluewaters,Apartment,3,4,1420,23,1877971,2843140,34,"['parking', 'sea_view', 'metro', 'gym', 'balcony', 'mall']",2025-07-05,2026-08-05T22:00:04.650010,0.85
PROP-516095,Dubai Marina,Penthouse,3,4,1502,42,1198222,1944798,35,"['security', 'pool', 'sea_view', 'metro', 'balcony']",2025-09-26,2026-08-05T22:00:04.650030,0.85
PROP-114210,Bluewaters,Penthouse,4,3,1743,32,2407538,3028408,28,"['gym', 'sea_view', 'balcony', 'parking']",2026-02-06,2026-08-05T22:00:04.650048,0.85
PROP-166330,Bluewaters,Apartment,1,3,699,43,734620,1447438,32,"['security', 'balcony', 'sea_view', 'mall', 'parking']",2025-06-04,2026-08-05T22:00:04.650066,0.85
PROP-855373,Palm Jumeirah,Townhouse,2,1,1147,1,1446398,2122988,18,"['sea_view', 'pool']",2025-05-06,2026-08-05T22:00:04.650084,0.85
PROP-475130,Palm Jumeirah,Apartment,1,2,753,18,822406,1847366,15,"['metro', 'balcony', 'gym', 'mall', 'parking', 'sea_view']",2025-02-28,2026-08-05T22:00:04.650103,0.85
PROP-200761,Downtown Dubai,Apartment,2,1,879,17,915029,1745550,25,"['gym', 'balcony']",2025-02-18,2026-08-05T22:00:04.650122,0.85
PROP-693907,Downtown Dubai,Apartment,1,2,571,37,614939,1044856,32,"['metro', 'security', 'balcony', 'sea_view', 'mall', 'gym']",2026-05-28,2026-08-05T22:00:04.650141,0.85
PROP-829235,Arabian Ranches,Penthouse,3,2,1494,32,1037384,1448279,46,"['parking', 'gym', 'security', 'sea_view', 'pool', 'metro']",2025-07-08,2026-08-05T22:00:04.650160,0.85
PROP-444788,Arabian Ranches,Penthouse,5,7,2421,41,1705915,2862133,42,"['balcony', 'gym', 'pool', 'mall', 'sea_view', 'parking']",2025-05-29,2026-08-05T22:00:04.650184,0.85
PROP-396525,Palm Jumeirah,Villa,3,4,1407,1,1645875,2577590,16,"['gym', 'parking', 'pool', 'metro', 'security', 'mall']",2025-10-15,2026-08-05T22:00:04.650204,0.85
PROP-412207,Arabian Ranches,Penthouse,4,6,1529,1,785397,1820199,35,"['balcony', 'parking', 'mall', 'security', 'sea_view']",2025-05-17,2026-08-05T22:00:04.650223,0.85
PROP-356129,Arabian Ranches,Penthouse,5,7,2290,27,1547792,2325946,32,"['pool', 'parking', 'metro', 'mall', 'balcony']",2025-05-14,2026-08-05T22:00:04.650241,0.85
PROP-765834,Palm Jumeirah,Townhouse,3,3,1611,1,1783533,3733299,21,"['metro', 'balcony', 'gym', 'security', 'mall', 'pool']",2026-03-25,2026-08-05T22:00:04.650260,0.85
PROP-654713,Arabian Ranches,Townhouse,1,3,671,1,355236,743747,39,"['pool', 'gym', 'parking', 'sea_view', 'mall']",2026-01-13,2026-08-05T22:00:04.650278,0.85
PROP-534055,Downtown Dubai,Penthouse,4,4,2089,16,2995574,3994158,23,"['sea_view', 'balcony', 'security', 'parking']",2025-09-28,2026-08-05T22:00:04.650298,0.85
PROP-514734,Bluewaters,Penthouse,3,4,1536,19,2184925,2740892,19,"['balcony', 'mall']",2026-03-15,2026-08-05T22:00:04.650317,0.85
PROP-253201,Arabian Ranches,Villa,4,5,2076,1,1221131,2009411,49,"['metro', 'parking', 'pool', 'balcony']",2025-12-24,2026-08-05T22:00:04.650335,0.85
PROP-208644,Downtown Dubai,Apartment,3,4,1749,9,2187317,2949193,33,"['balcony', 'pool', 'gym']",2026-01-23,2026-08-05T22:00:04.650353,0.85
PROP-401009,Dubai Marina,Penthouse,3,2,1766,8,1924501,2615166,24,"['balcony', 'metro', 'mall', 'parking']",2025-12-27,2026-08-05T22:00:04.650370,0.85
PROP-694212,Bluewaters,Penthouse,4,5,2279,9,3381893,3818228,18,"['pool', 'parking']",2025-10-07,2026-08-05T22:00:04.650387,0.85
PROP-449509,JLT,Townhouse,2,1,988,1,760732,1034325,21,"['gym', 'mall', 'pool', 'metro']",2025-03-30,2026-08-05T22:00:04.650405,0.85
PROP-373774,JLT,Townhouse,3,5,1463,1,1133393,1446031,43,"['pool', 'balcony', 'security', 'mall', 'gym']",2026-04-14,2026-08-05T22:00:04.650423,0.85
PROP-150392,Bluewaters,Townhouse,3,4,1426,1,1990285,2620887,18,"['gym', 'mall']",2025-07-04,2026-08-05T22:00:04.650440,0.85
PROP-292006,Downtown Dubai,Townhouse,1,1,634,1,892506,1169423,5,"['security', 'parking', 'mall']",2025-10-05,2026-08-05T22:00:04.650457,0.85
PROP-845281,Palm Jumeirah,Penthouse,3,2,1316,15,2049756,3026726,26,"['metro', 'mall', 'balcony', 'pool', 'sea_view', 'parking']",2025-08-23,2026-08-05T22:00:04.650476,0.85
PROP-167540,Bluewaters,Villa,5,7,3108,1,4780110,5258096,36,"['mall', 'security']",2025-09-11,2026-08-05T22:00:04.650496,0.85
PROP-454775,JLT,Townhouse,1,1,633,1,539595,517498,24,"['sea_view', 'pool', 'gym', 'mall', 'parking', 'balcony']",2025-06-07,2026-08-05T22:00:04.650514,0.85
PROP-446228,Downtown Dubai,Penthouse,4,4,1802,9,2179970,2688567,29,"['pool', 'gym', 'mall']",2026-02-20,2026-08-05T22:00:04.650532,0.85
PROP-482940,JLT,Apartment,1,1,569,2,378861,498496,31,"['gym', 'sea_view', 'metro', 'pool', 'security']",2025-03-25,2026-08-05T22:00:04.650551,0.85
PROP-320839,Dubai Marina,Penthouse,4,4,2536,40,2534950,3741745,19,"['pool', 'gym', 'parking']",2025-07-03,2026-08-05T22:00:04.650569,0.85
PROP-148933,Dubai Marina,Apartment,1,1,935,36,988341,1410010,14,"['pool', 'gym', 'parking']",2026-03-10,2026-08-05T22:00:04.650587,0.85
PROP-161330,Downtown Dubai,Townhouse,2,1,1104,1,1107992,2021004,34,"['parking', 'mall', 'pool']",2025-06-15,2026-08-05T22:00:04.650606,0.85
PROP-376519,JLT,Penthouse,4,6,2296,31,1819942,2312749,27,"['metro', 'pool', 'balcony', 'sea_view']",2026-01-03,2026-08-05T22:00:04.650626,0.85
PROP-941654,Dubai Marina,Penthouse,4,4,2273,10,2418251,3033501,13,"['gym', 'mall', 'metro', 'parking']",2026-06-12,2026-08-05T22:00:04.650644,0.85
PROP-573295,Arabian Ranches,Townhouse,2,4,1461,1,800071,1426544,37,"['security', 'mall', 'gym']",2025-12-19,2026-08-05T22:00:04.650661,0.85
PROP-802136,Arabian Ranches,Apartment,1,1,526,6,376110,492213,35,"['pool', 'gym', 'sea_view', 'parking', 'security', 'balcony']",2026-05-11,2026-08-05T22:00:04.650681,0.85
PROP-286859,Dubai Marina,Penthouse,3,5,1390,41,1550839,1944793,20,"['balcony', 'sea_view']",2025-07-18,2026-08-05T22:00:04.650699,0.85
PROP-271494,Arabian Ranches,Townhouse,3,2,1580,1,823873,1489357,36,"['balcony', 'gym', 'metro', 'mall', 'security']",2025-12-26,2026-08-05T22:00:04.650717,0.85
PROP-825987,Dubai Marina,Townhouse,2,2,929,1,850262,1196962,19,"['metro', 'mall', 'gym', 'sea_view']",2026-07-16,2026-08-05T22:00:04.650734,0.85
PROP-112314,Arabian Ranches,Villa,4,5,1954,1,1145584,2289019,21,"['mall', 'balcony', 'metro', 'sea_view']",2025-08-11,2026-08-05T22:00:04.650755,0.85
PROP-620969,Palm Jumeirah,Penthouse,3,3,1347,40,2117273,3146819,34,"['gym', 'balcony', 'parking', 'mall']",2025-03-31,2026-08-05T22:00:04.650774,0.85
PROP-622199,Palm Jumeirah,Villa,6,8,3279,1,3918962,7916665,36,"['metro', 'gym', 'parking', 'mall']",2025-03-24,2026-08-05T22:00:04.650791,0.85
PROP-785894,JLT,Townhouse,1,1,831,1,536895,769097,45,"['sea_view', 'balcony', 'pool', 'gym', 'metro']",2026-05-24,2026-08-05T22:00:04.650809,0.85
PROP-894244,Palm Jumeirah,Villa,4,5,1652,1,2167849,3973522,42,"['security', 'pool', 'gym', 'balcony', 'parking']",2025-08-05,2026-08-05T22:00:04.650829,0.85
PROP-552423,Bluewaters,Penthouse,3,5,1573,43,2216213,2662305,24,"['balcony', 'sea_view', 'gym']",2026-05-30,2026-08-05T22:00:04.650847,0.85
PROP-786504,JLT,Apartment,2,3,1381,2,1096365,1333172,20,"['security', 'sea_view', 'pool']",2025-11-30,2026-08-05T22:00:04.650874,0.85
PROP-198944,Arabian Ranches,Apartment,1,2,869,15,564023,823038,47,"['parking', 'metro']",2026-01-15,2026-08-05T22:00:04.650891,0.85
PROP-656624,Downtown Dubai,Apartment,2,3,1117,24,1360949,2146693,21,"['mall', 'security', 'parking', 'pool', 'balcony']",2026-03-25,2026-08-05T22:00:04.650910,0.85
PROP-286291,Palm Jumeirah,Townhouse,3,2,1605,1,2876082,3731711,39,"['pool', 'metro']",2025-05-26,2026-08-05T22:00:04.650927,0.85
PROP-859400,Arabian Ranches,Penthouse,4,6,1908,34,1065713,2138915,33,"['balcony', 'metro', 'security', 'parking', 'pool']",2025-04-14,2026-08-05T22:00:04.650947,0.85
PROP-420484,Downtown Dubai,Villa,5,5,2062,1,2687058,3426366,8,"['gym', 'mall', 'metro']",2026-07-11,2026-08-05T22:00:04.650964,0.85
PROP-965476,Bluewaters,Apartment,1,2,620,35,705037,1353799,20,"['gym', 'pool', 'security', 'balcony', 'sea_view']",2026-02-09,2026-08-05T22:00:04.650982,0.85
PROP-873325,JLT,Townhouse,3,2,1730,1,1304603,1487365,40,"['pool', 'mall', 'gym', 'security', 'balcony', 'sea_view']",2026-06-05,2026-08-05T22:00:04.651001,0.85
PROP-104035,Bluewaters,Villa,3,2,1331,1,2030537,2726949,28,"['security', 'balcony', 'mall', 'gym']",2026-04-01,2026-08-05T22:00:04.651019,0.85
PROP-162538,Palm Jumeirah,Apartment,2,2,1063,34,1836209,2322530,13,"['parking', 'security', 'balcony', 'gym']",2026-05-21,2026-08-05T22:00:04.651037,0.85
PROP-324909,JLT,Penthouse,5,7,2289,28,2014477,2420247,22,"['security', 'metro', 'balcony', 'sea_view', 'mall', 'parking']",2025-12-18,2026-08-05T22:00:04.651060,0.85
PROP-678971,JLT,Penthouse,5,4,2667,41,1691447,2638547,34,"['parking', 'security', 'metro', 'pool', 'gym']",2025-04-14,2026-08-05T22:00:04.651078,0.85
PROP-866603,Palm Jumeirah,Apartment,1,1,577,43,833306,1101952,41,"['parking', 'pool', 'sea_view']",2025-01-21,2026-08-05T22:00:04.651096,0.85
PROP-504375,Downtown Dubai,Townhouse,1,3,670,1,813118,1068797,34,"['metro', 'security']",2025-02-13,2026-08-05T22:00:04.651113,0.85
PROP-751343,Dubai Marina,Apartment,2,3,1181,1,1191073,1850823,25,"['balcony', 'gym']",2026-04-26,2026-08-05T22:00:04.651131,0.85
PROP-286851,Downtown Dubai,Penthouse,5,7,2429,30,3402412,4413192,15,"['metro', 'balcony', 'mall', 'gym', 'parking', 'sea_view']",2025-02-27,2026-08-05T22:00:04.651149,0.85
PROP-245087,Bluewaters,Apartment,3,3,1887,25,2300376,4098572,23,"['metro', 'mall', 'gym', 'balcony', 'parking', 'security']",2026-04-08,2026-08-05T22:00:04.651168,0.85
PROP-901108,Palm Jumeirah,Penthouse,3,4,1880,38,2795866,4637390,23,"['security', 'balcony', 'parking', 'mall']",2026-07-04,2026-08-05T22:00:04.651190,0.85
PROP-607962,JLT,Townhouse,1,1,700,1,551754,589971,36,"['metro', 'balcony', 'parking', 'pool', 'security']",2025-05-21,2026-08-05T22:00:04.651208,0.85
PROP-988122,Dubai Marina,Apartment,3,5,1638,17,1607359,2363293,36,"['balcony', 'security', 'parking', 'pool', 'gym', 'sea_view']",2025-01-30,2026-08-05T22:00:04.651229,0.85
PROP-404103,Palm Jumeirah,Apartment,2,4,1071,30,1556881,2400046,19,"['gym', 'security', 'parking', 'balcony', 'pool']",2025-10-19,2026-08-05T22:00:04.651249,0.85
PROP-246319,Palm Jumeirah,Apartment,3,3,1920,26,3284358,3895040,18,"['pool', 'gym']",2025-06-05,2026-08-05T22:00:04.651266,0.85
PROP-645347,JLT,Apartment,2,4,1231,39,1071609,991476,34,"['balcony', 'mall', 'parking']",2025-06-30,2026-08-05T22:00:04.651284,0.85
PROP-680210,Dubai Marina,Villa,3,3,1681,1,1510810,2105554,35,"['security', 'balcony', 'metro', 'mall', 'parking', 'sea_view']",2026-03-15,2026-08-05T22:00:04.651303,0.85
PROP-896678,Palm Jumeirah,Penthouse,3,2,1492,24,2594502,2734940,19,"['sea_view', 'mall']",2025-06-13,2026-08-05T22:00:04.651322,0.85
PROP-965565,Bluewaters,Penthouse,3,4,1749,2,2644534,3795661,23,"['gym', 'balcony', 'parking', 'metro']",2025-12-29,2026-08-05T22:00:04.651340,0.85
PROP-269864,JLT,Townhouse,2,4,1116,1,837888,1053454,40,"['gym', 'balcony']",2025-02-28,2026-08-05T22:00:04.651357,0.85
PROP-237915,JLT,Apartment,1,1,715,28,508871,719561,18,"['balcony', 'parking', 'metro']",2025-11-02,2026-08-05T22:00:04.651374,0.85
PROP-925646,Arabian Ranches,Apartment,2,4,1115,28,684688,1314292,47,"['parking', 'mall', 'pool', 'security']",2026-01-25,2026-08-05T22:00:04.651394,0.85
PROP-738570,Downtown Dubai,Apartment,2,3,1335,31,1369342,2615883,28,"['parking', 'metro', 'gym']",2026-03-03,2026-08-05T22:00:04.651411,0.85
PROP-817995,Dubai Marina,Townhouse,1,1,762,1,714944,849401,24,"['mall', 'security', 'parking', 'balcony']",2025-09-20,2026-08-05T22:00:04.651430,0.85
PROP-970775,Palm Jumeirah,Townhouse,3,3,1832,1,2408906,3421209,39,"['security', 'parking', 'pool']",2025-02-12,2026-08-05T22:00:04.651447,0.85
PROP-195844,Dubai Marina,Villa,5,6,2958,1,2539555,3499645,35,"['pool', 'mall', 'sea_view', 'gym', 'security', 'metro']",2025-12-24,2026-08-05T22:00:04.651466,0.85
PROP-681061,Dubai Marina,Penthouse,3,3,1873,32,1566837,2783653,26,"['security', 'balcony', 'parking', 'metro', 'sea_view', 'mall']",2025-08-16,2026-08-05T22:00:04.651485,0.85
PROP-570419,Palm Jumeirah,Villa,4,5,1849,1,2183223,4440285,16,"['gym', 'balcony', 'parking', 'security', 'sea_view']",2026-04-25,2026-08-05T22:00:04.651503,0.85
PROP-473945,Dubai Marina,Apartment,2,1,1094,24,974825,1254132,23,"['balcony', 'parking', 'security', 'gym', 'metro']",2025-12-06,2026-08-05T22:00:04.651521,0.85
PROP-342606,Downtown Dubai,Townhouse,2,3,1092,1,1110738,1909196,26,"['mall', 'gym', 'parking', 'sea_view', 'metro', 'pool']",2025-08-03,2026-08-05T22:00:04.651540,0.85
PROP-730063,JLT,Apartment,1,1,752,14,546241,798739,19,"['security', 'metro', 'sea_view']",2025-01-30,2026-08-05T22:00:04.651558,0.85
PROP-110111,Downtown Dubai,Penthouse,3,5,1810,12,2443139,3138702,15,"['mall', 'balcony', 'security']",2026-01-01,2026-08-05T22:00:04.651588,0.85
PROP-606075,Palm Jumeirah,Penthouse,3,4,1707,21,2066679,3604534,22,"['sea_view', 'metro', 'mall', 'gym', 'parking']",2025-11-25,2026-08-05T22:00:04.651608,0.85
PROP-270483,Arabian Ranches,Apartment,1,1,758,44,450864,748722,48,"['mall', 'pool', 'sea_view', 'security', 'balcony']",2025-05-27,2026-08-05T22:00:04.651629,0.85
PROP-739202,Arabian Ranches,Penthouse,5,4,2359,14,1592966,2219737,40,"['balcony', 'security', 'sea_view', 'metro', 'parking', 'gym']",2026-05-04,2026-08-05T22:00:04.651649,0.85
PROP-666548,Arabian Ranches,Apartment,3,2,1258,35,783656,1260623,28,"['pool', 'balcony', 'gym', 'parking', 'sea_view', 'mall']",2026-04-12,2026-08-05T22:00:04.651667,0.85
PROP-559318,Arabian Ranches,Penthouse,5,6,2302,42,1267836,2263051,51,"['balcony', 'mall', 'sea_view', 'metro', 'security', 'parking']",2025-06-01,2026-08-05T22:00:04.651687,0.85
PROP-562534,Downtown Dubai,Townhouse,2,3,1416,1,1596248,2424106,34,"['gym', 'metro', 'balcony', 'pool', 'mall', 'sea_view']",2026-04-20,2026-08-05T22:00:04.651710,0.85
PROP-444699,Bluewaters,Penthouse,5,4,2178,34,2857191,4320234,40,"['gym', 'security', 'pool', 'parking', 'balcony']",2025-10-01,2026-08-05T22:00:04.651738,0.85
PROP-769196,Dubai Marina,Townhouse,1,3,658,1,637145,852510,25,"['gym', 'mall']",2025-12-01,2026-08-05T22:00:04.651759,0.85
PROP-873732,Dubai Marina,Villa,5,7,2593,1,2746323,3601835,28,"['gym', 'parking', 'metro', 'balcony', 'pool']",2026-06-15,2026-08-05T22:00:04.651777,0.85
PROP-758510,Arabian Ranches,Villa,3,5,1802,1,885283,1792425,38,"['metro', 'balcony', 'gym', 'sea_view', 'parking']",2026-03-29,2026-08-05T22:00:04.651796,0.85
PROP-882372,Bluewaters,Townhouse,3,2,1966,1,3025752,3159623,37,"['security', 'gym', 'sea_view', 'mall']",2026-06-09,2026-08-05T22:00:04.651813,0.85
PROP-858652,Bluewaters,Apartment,1,1,639,1,737568,1351222,15,"['mall', 'parking', 'gym', 'metro', 'balcony', 'pool']",2025-11-14,2026-08-05T22:00:04.651835,0.85
PROP-322484,JLT,Apartment,3,2,1949,21,1652567,2025557,44,"['gym', 'pool', 'parking', 'sea_view', 'metro', 'security']",2025-08-20,2026-08-05T22:00:04.651865,0.85
PROP-634414,Bluewaters,Penthouse,3,5,1376,45,1994292,2639935,17,"['metro', 'gym', 'security', 'pool', 'mall']",2025-07-27,2026-08-05T22:00:04.651885,0.85
PROP-763611,Bluewaters,Penthouse,5,5,2295,16,3330455,3755106,11,"['sea_view', 'metro', 'security', 'pool']",2025-07-15,2026-08-05T22:00:04.651903,0.85
PROP-358053,Palm Jumeirah,Penthouse,5,5,2131,25,3560253,4192926,28,"['parking', 'mall', 'metro', 'pool', 'balcony', 'gym']",2025-09-14,2026-08-05T22:00:04.651922,0.85
PROP-529768,JLT,Apartment,3,3,1662,31,1239598,1557428,44,"['metro', 'mall', 'sea_view']",2025-05-31,2026-08-05T22:00:04.651960,0.85
PROP-209935,Dubai Marina,Townhouse,1,2,761,1,616101,1144254,17,"['metro', 'pool']",2026-06-14,2026-08-05T22:00:04.651986,0.85
PROP-298085,Arabian Ranches,Penthouse,4,4,2114,41,1481007,2162364,29,"['sea_view', 'pool']",2026-05-30,2026-08-05T22:00:04.652012,0.85
PROP-809290,Bluewaters,Apartment,1,3,508,17,557308,940724,24,"['gym', 'parking', 'sea_view']",2025-10-20,2026-08-05T22:00:04.652043,0.85
PROP-372763,Palm Jumeirah,Penthouse,3,3,1765,14,3083678,3887838,31,"['metro', 'security']",2025-05-20,2026-08-05T22:00:04.652075,0.85
PROP-971532,Bluewaters,Apartment,3,3,1540,35,2205752,2721074,30,"['mall', 'metro', 'parking', 'sea_view', 'balcony', 'pool']",2025-11-06,2026-08-05T22:00:04.652100,0.85
PROP-312960,Palm Jumeirah,Penthouse,3,5,1475,18,2536338,2676964,43,"['gym', 'metro', 'pool', 'security', 'parking']",2026-05-19,2026-08-05T22:00:04.652127,0.85
PROP-571342,Palm Jumeirah,Villa,3,5,1586,1,2249460,3578538,24,"['security', 'sea_view', 'gym', 'metro', 'mall', 'balcony']",2025-03-13,2026-08-05T22:00:04.652151,0.85
PROP-295338,Dubai Marina,Townhouse,1,1,637,1,635608,899026,12,"['security', 'balcony', 'sea_view', 'mall']",2026-07-01,2026-08-05T22:00:04.652170,0.85
PROP-740903,Arabian Ranches,Villa,6,6,2869,1,1919377,3416882,50,"['gym', 'sea_view', 'mall', 'metro']",2026-03-21,2026-08-05T22:00:04.652196,0.85
PROP-204548,Dubai Marina,Townhouse,2,4,871,1,763580,1079821,9,"['mall', 'sea_view']",2025-10-22,2026-08-05T22:00:04.652214,0.85
PROP-251202,Arabian Ranches,Villa,4,5,2002,1,1364653,2188133,22,"['mall', 'sea_view', 'balcony', 'parking', 'pool', 'metro']",2026-02-17,2026-08-05T22:00:04.652232,0.85
PROP-982882,Palm Jumeirah,Penthouse,3,5,1463,17,2491775,3221577,19,"['parking', 'mall', 'pool']",2025-02-25,2026-08-05T22:00:04.652250,0.85
PROP-659488,Palm Jumeirah,Villa,4,5,1647,1,2765831,3764594,34,"['parking', 'security', 'pool']",2026-03-14,2026-08-05T22:00:04.652268,0.85
PROP-672685,Arabian Ranches,Apartment,1,1,723,34,421934,799827,27,"['mall', 'pool']",2026-02-07,2026-08-05T22:00:04.652285,0.85
PROP-173482,JLT,Penthouse,5,5,1997,3,1217249,1798431,42,"['metro', 'mall', 'security']",2026-02-06,2026-08-05T22:00:04.652307,0.85
PROP-449740,Arabian Ranches,Townhouse,1,3,887,1,432397,888498,36,"['sea_view', 'pool', 'metro', 'mall', 'security', 'balcony']",2026-02-11,2026-08-05T22:00:04.652325,0.85
PROP-693883,Arabian Ranches,Apartment,1,3,741,6,389381,840003,41,"['parking', 'gym', 'pool', 'sea_view', 'metro']",2025-06-01,2026-08-05T22:00:04.652344,0.85
PROP-216349,Dubai Marina,Penthouse,3,5,1600,12,1317091,2403411,17,"['balcony', 'sea_view', 'security', 'pool']",2025-02-27,2026-08-05T22:00:04.652363,0.85
PROP-998449,Arabian Ranches,Villa,3,5,1385,1,750172,1348246,22,"['security', 'metro', 'parking']",2025-09-17,2026-08-05T22:00:04.652380,0.85
PROP-419911,Downtown Dubai,Villa,5,5,2168,1,2097302,3480491,10,"['balcony', 'metro', 'pool', 'gym', 'sea_view', 'parking']",2025-10-21,2026-08-05T22:00:04.652399,0.85
PROP-528841,Bluewaters,Penthouse,4,4,1895,14,2623016,3510297,31,"['sea_view', 'pool', 'gym', 'mall']",2025-03-11,2026-08-05T22:00:04.652418,0.85
PROP-500833,Dubai Marina,Penthouse,5,6,3055,2,3450268,4394811,17,"['sea_view', 'balcony', 'metro', 'parking']",2026-03-27,2026-08-05T22:00:04.652435,0.85
PROP-666747,Dubai Marina,Villa,3,2,1647,1,1474198,2577670,27,"['parking', 'metro']",2025-04-25,2026-08-05T22:00:04.652452,0.85
PROP-624497,JLT,Townhouse,3,5,1590,1,1219213,1649385,46,"['metro', 'gym', 'mall', 'security', 'balcony', 'pool']",2026-06-11,2026-08-05T22:00:04.652471,0.85
PROP-749814,Arabian Ranches,Townhouse,2,4,944,1,568931,914940,47,"['gym', 'balcony', 'pool', 'metro', 'sea_view', 'mall']",2025-08-25,2026-08-05T22:00:04.652492,0.85
PROP-392135,Arabian Ranches,Villa,3,5,1400,1,688918,1499937,44,"['security', 'mall', 'balcony', 'gym', 'sea_view', 'metro']",2025-10-30,2026-08-05T22:00:04.652511,0.85
PROP-530145,Arabian Ranches,Townhouse,3,5,1586,1,1120813,1445990,26,"['security', 'balcony']",2025-01-16,2026-08-05T22:00:04.652531,0.85
PROP-318247,Palm Jumeirah,Townhouse,2,2,878,1,1054551,2193691,19,"['parking', 'metro', 'pool', 'mall', 'balcony']",2026-07-16,2026-08-05T22:00:04.652549,0.85
PROP-641230,Downtown Dubai,Apartment,1,1,734,34,837430,1376960,27,"['mall', 'gym', 'balcony', 'pool', 'sea_view']",2026-07-06,2026-08-05T22:00:04.652567,0.85
PROP-960251,Arabian Ranches,Apartment,1,2,687,1,333575,815114,48,"['metro', 'balcony']",2026-01-14,2026-08-05T22:00:04.652586,0.85
PROP-669719,Downtown Dubai,Villa,6,6,3193,1,4097136,6280766,22,"['pool', 'security', 'mall', 'balcony', 'parking']",2025-09-10,2026-08-05T22:00:04.652604,0.85
PROP-858133,Dubai Marina,Penthouse,4,5,2021,3,1613239,3154133,35,"['balcony', 'sea_view', 'gym', 'metro', 'security', 'pool']",2026-03-24,2026-08-05T22:00:04.652624,0.85
PROP-257371,Downtown Dubai,Penthouse,3,2,1592,21,1598979,2805864,24,"['balcony', 'parking', 'mall', 'gym']",2025-08-30,2026-08-05T22:00:04.652642,0.85
PROP-397149,Dubai Marina,Villa,5,4,2120,1,1808875,3140397,17,"['metro', 'pool', 'security', 'parking', 'sea_view']",2025-11-05,2026-08-05T22:00:04.652660,0.85
PROP-949465,Arabian Ranches,Townhouse,2,4,1101,1,717705,1022440,38,"['balcony', 'sea_view', 'metro']",2026-06-12,2026-08-05T22:00:04.652679,0.85
PROP-135316,Downtown Dubai,Apartment,3,3,1368,33,1606626,2672340,13,"['parking', 'security']",2026-03-01,2026-08-05T22:00:04.652696,0.85
PROP-426708,Arabian Ranches,Townhouse,3,2,1665,1,1074455,1950464,35,"['sea_view', 'mall', 'gym']",2025-05-06,2026-08-05T22:00:04.652713,0.85
PROP-819971,Downtown Dubai,Villa,5,7,1874,1,2064091,2802908,7,"['parking', 'balcony', 'sea_view', 'mall', 'pool', 'metro']",2026-04-02,2026-08-05T22:00:04.652732,0.85
PROP-158071,JLT,Apartment,3,3,1800,23,1384808,1594906,44,"['gym', 'pool', 'metro', 'security', 'mall']",2025-11-10,2026-08-05T22:00:04.652759,0.85
PROP-310243,Palm Jumeirah,Penthouse,4,3,1595,9,2367492,3454227,27,"['pool', 'mall']",2026-01-11,2026-08-05T22:00:04.652783,0.85
PROP-887931,Downtown Dubai,Penthouse,3,4,1280,2,1631148,1995129,21,"['pool', 'security', 'sea_view', 'metro']",2025-04-26,2026-08-05T22:00:04.652801,0.85
PROP-501415,Palm Jumeirah,Villa,5,6,2358,1,4194562,4748594,18,"['mall', 'security', 'gym']",2025-09-14,2026-08-05T22:00:04.652819,0.85
PROP-346287,Dubai Marina,Apartment,3,2,1526,1,1391318,2227333,34,"['balcony', 'security', 'gym']",2025-10-10,2026-08-05T22:00:04.652837,0.85
PROP-575071,Palm Jumeirah,Penthouse,3,5,1735,11,2077646,3509029,16,"['mall', 'sea_view', 'gym']",2025-06-12,2026-08-05T22:00:04.652876,0.85
PROP-596296,Dubai Marina,Penthouse,4,6,2060,10,2241554,2550343,11,"['mall', 'security', 'balcony', 'metro', 'parking', 'sea_view']",2025-09-28,2026-08-05T22:00:04.652900,0.85
PROP-415974,JLT,Apartment,3,3,1624,41,1075588,1306529,30,"['balcony', 'mall']",2025-02-27,2026-08-05T22:00:04.652919,0.85
PROP-984449,Downtown Dubai,Villa,4,5,1883,1,2085700,2983318,17,"['parking', 'pool', 'gym', 'metro', 'mall']",2025-05-02,2026-08-05T22:00:04.652937,0.85
PROP-803154,Palm Jumeirah,Townhouse,1,2,809,1,1331348,1465935,25,"['balcony', 'sea_view', 'pool', 'metro']",2026-03-30,2026-08-05T22:00:04.652955,0.85
PROP-624752,Bluewaters,Penthouse,3,2,1630,30,1881838,3446316,24,"['balcony', 'gym', 'parking']",2025-09-21,2026-08-05T22:00:04.652973,0.85
PROP-290573,Arabian Ranches,Villa,3,4,1814,1,1104438,2173030,33,"['pool', 'parking', 'mall', 'sea_view']",2026-05-20,2026-08-05T22:00:04.652993,0.85
PROP-153433,Dubai Marina,Villa,5,6,2242,1,1815155,3280278,16,"['gym', 'sea_view']",2025-06-04,2026-08-05T22:00:04.653010,0.85
PROP-210136,Palm Jumeirah,Penthouse,3,3,1603,7,2554767,3605631,29,"['pool', 'mall', 'gym', 'sea_view', 'metro']",2025-12-13,2026-08-05T22:00:04.653029,0.85
PROP-898938,Arabian Ranches,Penthouse,5,4,1995,18,973129,1803403,30,"['gym', 'mall', 'pool', 'security', 'sea_view']",2025-03-16,2026-08-05T22:00:04.653047,0.85
PROP-986467,Bluewaters,Penthouse,3,2,1831,10,2619615,3962181,32,"['pool', 'sea_view', 'balcony', 'parking', 'mall', 'metro']",2025-09-16,2026-08-05T22:00:04.653067,0.85
PROP-123733,Bluewaters,Penthouse,5,6,2319,41,2516252,3997074,25,"['security', 'parking', 'balcony', 'gym']",2026-03-11,2026-08-05T22:00:04.653088,0.85
PROP-547481,JLT,Villa,6,5,2990,1,2493112,2929073,18,"['mall', 'pool', 'security']",2026-04-01,2026-08-05T22:00:04.653108,0.85
PROP-455307,Dubai Marina,Apartment,3,5,1333,13,1364544,2052230,27,"['balcony', 'security', 'metro', 'pool', 'gym']",2025-02-28,2026-08-05T22:00:04.653126,0.85
PROP-782970,Downtown Dubai,Apartment,2,4,1140,1,1194023,1792168,4,"['sea_view', 'metro', 'parking', 'security', 'pool', 'balcony']",2026-02-09,2026-08-05T22:00:04.653145,0.85
PROP-927685,Palm Jumeirah,Townhouse,1,1,706,1,1252504,1350993,39,"['metro', 'balcony']",2026-05-20,2026-08-05T22:00:04.653164,0.85
PROP-706144,JLT,Penthouse,5,6,2562,26,2049381,2064912,42,"['sea_view', 'pool', 'security', 'balcony', 'metro']",2025-10-16,2026-08-05T22:00:04.653187,0.85
PROP-110114,Palm Jumeirah,Villa,3,4,1251,1,2106540,3035244,39,"['metro', 'pool', 'mall']",2025-02-21,2026-08-05T22:00:04.653205,0.85
PROP-705958,Downtown Dubai,Villa,5,4,2947,1,3913866,5704427,9,"['security', 'sea_view', 'metro', 'pool']",2025-12-12,2026-08-05T22:00:04.653223,0.85
PROP-953590,Downtown Dubai,Townhouse,3,4,1567,1,1670089,2203407,33,"['metro', 'balcony']",2026-04-18,2026-08-05T22:00:04.653240,0.85
PROP-342313,Dubai Marina,Townhouse,1,1,538,1,490972,610971,24,"['metro', 'sea_view', 'parking', 'security']",2025-11-04,2026-08-05T22:00:04.653258,0.85
PROP-372185,Bluewaters,Townhouse,1,2,636,1,680822,1141944,37,"['balcony', 'security']",2025-04-25,2026-08-05T22:00:04.653278,0.85
PROP-570852,Downtown Dubai,Penthouse,5,7,2168,31,2338091,3473517,27,"['parking', 'balcony']",2026-04-22,2026-08-05T22:00:04.653295,0.85
PROP-899462,JLT,Townhouse,1,1,699,1,579836,663578,20,"['sea_view', 'parking', 'gym', 'security']",2026-05-31,2026-08-05T22:00:04.653313,0.85
PROP-138460,Bluewaters,Penthouse,3,3,1907,2,2103219,3951419,24,"['balcony', 'security', 'metro', 'sea_view']",2026-02-18,2026-08-05T22:00:04.653332,0.85
PROP-604526,Palm Jumeirah,Apartment,2,1,1047,14,1176854,2251079,16,"['metro', 'mall', 'parking', 'security']",2025-11-27,2026-08-05T22:00:04.653350,0.85
PROP-627700,Bluewaters,Apartment,1,1,736,20,1139694,1411681,35,"['mall', 'parking', 'pool']",2025-08-27,2026-08-05T22:00:04.653369,0.85
PROP-570490,Palm Jumeirah,Penthouse,5,5,2365,11,3512233,4807173,37,"['metro', 'gym', 'security', 'mall', 'parking']",2026-05-14,2026-08-05T22:00:04.653388,0.85
PROP-861925,JLT,Penthouse,4,4,1736,42,1506345,1744606,21,"['gym', 'metro', 'sea_view', 'mall', 'parking']",2025-12-14,2026-08-05T22:00:04.653406,0.85
PROP-642126,Arabian Ranches,Penthouse,4,6,2278,23,1423517,2199104,37,"['mall', 'balcony', 'pool', 'security', 'sea_view']",2025-10-03,2026-08-05T22:00:04.653425,0.85
PROP-597303,Arabian Ranches,Penthouse,5,5,2104,45,1178884,2127469,28,"['pool', 'parking', 'mall', 'balcony']",2026-02-10,2026-08-05T22:00:04.653443,0.85
PROP-872533,Downtown Dubai,Penthouse,5,4,2495,28,3534769,4655437,14,"['sea_view', 'security', 'metro']",2026-05-24,2026-08-05T22:00:04.653462,0.85
PROP-372285,JLT,Penthouse,4,5,1982,11,1448644,1631369,39,"['security', 'metro']",2025-01-04,2026-08-05T22:00:04.653480,0.85
PROP-208304,Downtown Dubai,Villa,6,6,2884,1,3399117,4394481,5,"['parking', 'sea_view', 'gym']",2025-03-25,2026-08-05T22:00:04.653499,0.85
PROP-402986,Dubai Marina,Apartment,2,3,1382,28,1379828,2189579,12,"['parking', 'pool', 'mall', 'gym', 'sea_view']",2026-03-30,2026-08-05T22:00:04.653517,0.85
PROP-883157,Palm Jumeirah,Penthouse,5,5,2081,12,3655896,4962939,43,"['pool', 'gym', 'balcony', 'metro', 'sea_view', 'mall']",2025-12-21,2026-08-05T22:00:04.653536,0.85
PROP-945386,JLT,Apartment,1,2,700,18,524045,576260,30,"['pool', 'metro', 'mall', 'security', 'balcony', 'sea_view']",2025-11-27,2026-08-05T22:00:04.653555,0.85
PROP-393247,Dubai Marina,Penthouse,3,5,1767,22,1814161,2775393,18,"['security', 'gym', 'metro', 'mall', 'balcony', 'pool']",2025-11-01,2026-08-05T22:00:04.653574,0.85
PROP-892966,JLT,Villa,3,5,1558,1,1065034,1453739,24,"['pool', 'balcony', 'gym', 'metro', 'mall', 'parking']",2025-05-31,2026-08-05T22:00:04.653592,0.85
PROP-267840,Palm Jumeirah,Townhouse,1,1,820,1,1077509,1877157,20,"['security', 'gym', 'mall', 'metro', 'sea_view', 'pool']",2026-04-18,2026-08-05T22:00:04.653611,0.85
PROP-853429,Arabian Ranches,Apartment,2,2,1002,20,715413,1071101,34,"['parking', 'metro']",2025-04-18,2026-08-05T22:00:04.653628,0.85
PROP-857896,JLT,Penthouse,4,5,1904,11,1458253,1696686,23,"['mall', 'parking', 'balcony', 'sea_view', 'metro', 'pool']",2025-04-06,2026-08-05T22:00:04.653649,0.85
PROP-692492,Dubai Marina,Penthouse,4,3,2181,24,2292827,3322194,9,"['pool', 'balcony', 'mall']",2026-04-13,2026-08-05T22:00:04.653666,0.85
PROP-713187,Downtown Dubai,Apartment,1,1,686,24,914288,1349154,32,"['pool', 'parking', 'metro']",2026-05-30,2026-08-05T22:00:04.653683,0.85
PROP-948914,Downtown Dubai,Villa,4,5,1822,1,1929532,2557971,9,"['sea_view', 'pool', 'metro']",2026-02-20,2026-08-05T22:00:04.653701,0.85
PROP-709112,Palm Jumeirah,Townhouse,2,1,973,1,1743911,1944614,38,"['security', 'metro']",2025-05-10,2026-08-05T22:00:04.653718,0.85
PROP-271139,Arabian Ranches,Townhouse,3,3,1726,1,1141253,1680573,49,"['balcony', 'metro', 'gym']",2025-05-10,2026-08-05T22:00:04.653735,0.85
PROP-194860,Arabian Ranches,Penthouse,3,2,1574,23,968701,1766225,41,"['gym', 'mall', 'parking']",2025-09-22,2026-08-05T22:00:04.653759,0.85
PROP-620526,Downtown Dubai,Apartment,2,3,1385,21,1933021,2447346,23,"['pool', 'mall', 'gym']",2025-11-07,2026-08-05T22:00:04.653777,0.85
PROP-772050,JLT,Villa,3,5,1659,1,1288046,1465488,19,"['metro', 'gym']",2025-10-16,2026-08-05T22:00:04.653796,0.85
PROP-490465,Dubai Marina,Villa,6,7,3204,1,3174986,3814059,23,"['security', 'pool']",2025-03-07,2026-08-05T22:00:04.653813,0.85
PROP-226317,Downtown Dubai,Penthouse,3,5,1602,21,1654144,3062748,24,"['balcony', 'security', 'pool', 'gym', 'sea_view']",2025-05-03,2026-08-05T22:00:04.653834,0.85
PROP-300332,JLT,Villa,3,2,1669,1,1331784,1775495,45,"['sea_view', 'metro', 'gym', 'parking']",2026-04-20,2026-08-05T22:00:04.653851,0.85
PROP-414061,Downtown Dubai,Apartment,1,2,743,22,839753,1181873,12,"['parking', 'pool', 'balcony']",2026-04-08,2026-08-05T22:00:04.653876,0.85
PROP-626089,Downtown Dubai,Apartment,3,5,1758,41,1805528,2952882,8,"['balcony', 'metro', 'gym', 'sea_view']",2026-04-24,2026-08-05T22:00:04.653895,0.85
PROP-616568,Arabian Ranches,Villa,5,6,3021,1,2023743,3254252,44,"['balcony', 'metro']",2025-02-13,2026-08-05T22:00:04.653913,0.85
PROP-589968,Dubai Marina,Penthouse,4,6,2189,14,2401389,3237042,27,"['metro', 'parking', 'pool', 'mall', 'sea_view', 'security']",2025-07-26,2026-08-05T22:00:04.653932,0.85
PROP-912476,Bluewaters,Townhouse,2,3,1094,1,1312924,2080868,36,"['security', 'metro', 'sea_view', 'balcony']",2026-01-06,2026-08-05T22:00:04.653950,0.85
PROP-327233,Palm Jumeirah,Penthouse,5,7,2227,12,2434005,4800389,25,"['parking', 'sea_view', 'balcony', 'gym', 'mall']",2025-09-02,2026-08-05T22:00:04.653968,0.85
PROP-469799,Bluewaters,Townhouse,3,4,1509,1,1858434,2917303,16,"['sea_view', 'pool', 'metro']",2026-01-14,2026-08-05T22:00:04.653985,0.85
PROP-357618,Bluewaters,Penthouse,3,4,1580,36,1962426,3086355,19,"['pool', 'mall', 'gym']",2026-02-01,2026-08-05T22:00:04.654003,0.85
PROP-517859,Palm Jumeirah,Apartment,2,2,1109,1,1681187,2504772,25,"['mall', 'pool', 'gym']",2025-05-18,2026-08-05T22:00:04.654022,0.85
PROP-152326,Dubai Marina,Townhouse,2,1,1280,1,1196686,1526471,24,"['pool', 'mall', 'sea_view', 'gym']",2026-04-27,2026-08-05T22:00:04.654044,0.85
PROP-500893,Bluewaters,Apartment,3,3,1525,13,1999155,2602537,16,"['mall', 'pool', 'metro', 'balcony']",2025-12-05,2026-08-05T22:00:04.654062,0.85
PROP-597026,Dubai Marina,Apartment,2,1,1143,30,1091459,1278600,21,"['metro', 'pool', 'sea_view', 'security']",2026-05-20,2026-08-05T22:00:04.654080,0.85
PROP-194509,JLT,Villa,6,7,2799,1,2278297,2536444,17,"['sea_view', 'gym', 'security', 'metro', 'balcony', 'mall']",2025-05-12,2026-08-05T22:00:04.654099,0.85
PROP-847164,JLT,Penthouse,5,5,2191,14,1960751,2335206,42,"['gym', 'pool', 'sea_view', 'balcony', 'parking']",2025-09-08,2026-08-05T22:00:04.654117,0.85
PROP-586457,Dubai Marina,Penthouse,4,4,1754,25,1588471,2718637,18,"['security', 'mall']",2026-01-17,2026-08-05T22:00:04.654136,0.85
PROP-549384,JLT,Penthouse,5,6,2675,3,1943646,2695768,42,"['balcony', 'gym', 'mall', 'pool']",2025-09-13,2026-08-05T22:00:04.654154,0.85
PROP-400973,Dubai Marina,Penthouse,4,5,1861,36,1747287,2975744,35,"['security', 'gym', 'parking', 'metro', 'pool']",2026-01-10,2026-08-05T22:00:04.654173,0.85
PROP-963937,Arabian Ranches,Villa,6,7,2744,1,1368335,2878080,28,"['sea_view', 'security', 'parking', 'gym']",2025-02-10,2026-08-05T22:00:04.654196,0.85
PROP-686585,JLT,Townhouse,2,1,1067,1,920014,1100944,28,"['metro', 'mall', 'gym']",2025-05-06,2026-08-05T22:00:04.654215,0.85
PROP-338169,Arabian Ranches,Apartment,2,4,989,34,577704,1099599,23,"['pool', 'balcony']",2025-07-31,2026-08-05T22:00:04.654232,0.85
PROP-975801,Arabian Ranches,Townhouse,3,4,1656,1,864186,1684556,29,"['sea_view', 'metro', 'balcony']",2026-06-21,2026-08-05T22:00:04.654249,0.85
PROP-322590,Dubai Marina,Villa,6,5,2820,1,2250269,3791107,29,"['gym', 'parking', 'mall', 'security', 'metro']",2025-09-28,2026-08-05T22:00:04.654267,0.85
PROP-523763,JLT,Apartment,2,4,1119,29,954476,1218485,28,"['balcony', 'security', 'metro', 'gym', 'sea_view']",2025-11-11,2026-08-05T22:00:04.654285,0.85
PROP-704886,Arabian Ranches,Apartment,2,3,1198,34,682217,1264199,40,"['pool', 'mall', 'gym', 'security', 'balcony', 'parking']",2026-01-07,2026-08-05T22:00:04.654304,0.85
PROP-134882,Dubai Marina,Apartment,3,4,1425,45,1344618,2166896,26,"['pool', 'parking', 'gym', 'metro', 'security']",2025-04-28,2026-08-05T22:00:04.654323,0.85
PROP-593882,Palm Jumeirah,Apartment,1,1,699,28,1052932,1378395,13,"['mall', 'sea_view', 'security', 'gym', 'pool']",2025-06-04,2026-08-05T22:00:04.654341,0.85
PROP-632765,Bluewaters,Apartment,3,3,1381,27,1714606,2920225,40,"['balcony', 'metro', 'pool', 'mall', 'sea_view', 'parking']",2025-03-21,2026-08-05T22:00:04.654363,0.85
PROP-830202,Bluewaters,Penthouse,4,4,2180,44,2927323,4568998,23,"['security', 'balcony', 'mall', 'gym', 'parking']",2026-01-21,2026-08-05T22:00:04.654382,0.85
PROP-375106,Arabian Ranches,Penthouse,4,3,2417,41,1347324,2191184,42,"['parking', 'gym', 'pool', 'security']",2026-04-25,2026-08-05T22:00:04.654404,0.85
PROP-521757,Bluewaters,Penthouse,5,4,2750,44,3879083,4449070,23,"['parking', 'metro', 'pool']",2026-05-03,2026-08-05T22:00:04.654422,0.85
PROP-689144,Downtown Dubai,Apartment,2,2,1393,12,1849951,2375597,23,"['parking', 'security']",2026-03-13,2026-08-05T22:00:04.654439,0.85
PROP-740413,Downtown Dubai,Penthouse,5,6,2934,15,3469608,4913055,33,"['metro', 'mall']",2025-08-22,2026-08-05T22:00:04.654456,0.85
PROP-417180,Palm Jumeirah,Villa,6,7,2455,1,3015961,5614141,30,"['gym', 'sea_view', 'mall']",2025-08-06,2026-08-05T22:00:04.654474,0.85
PROP-485733,Bluewaters,Apartment,1,2,830,40,1285116,1551921,23,"['parking', 'pool', 'balcony', 'mall', 'security', 'metro']",2026-07-11,2026-08-05T22:00:04.654493,0.85
PROP-588540,Palm Jumeirah,Villa,5,5,2827,1,4564472,5638607,38,"['pool', 'sea_view', 'gym']",2026-04-12,2026-08-05T22:00:04.654511,0.85
PROP-708067,Bluewaters,Apartment,2,4,1058,25,1441386,2298302,19,"['gym', 'parking', 'sea_view']",2025-01-23,2026-08-05T22:00:04.654529,0.85
PROP-570567,Dubai Marina,Apartment,2,3,1491,43,1239155,2273716,25,"['sea_view', 'pool']",2025-12-19,2026-08-05T22:00:04.654548,0.85
PROP-759663,Dubai Marina,Apartment,2,1,1185,27,1193403,1328699,37,"['security', 'pool']",2025-01-20,2026-08-05T22:00:04.654565,0.85
PROP-792598,Arabian Ranches,Apartment,3,2,1579,26,814848,1499546,51,"['parking', 'sea_view', 'mall', 'metro', 'balcony']",2026-05-16,2026-08-05T22:00:04.654585,0.85
PROP-543529,Dubai Marina,Penthouse,3,4,1676,42,1697560,2372667,11,"['metro', 'balcony']",2026-07-23,2026-08-05T22:00:04.654602,0.85
PROP-351771,Arabian Ranches,Apartment,3,5,1321,31,762844,1241382,38,"['parking', 'metro']",2026-06-11,2026-08-05T22:00:04.654619,0.85
PROP-760827,Arabian Ranches,Apartment,2,1,1213,27,638897,1419703,29,"['balcony', 'gym', 'parking', 'mall']",2025-06-12,2026-08-05T22:00:04.654637,0.85
PROP-527632,Bluewaters,Villa,5,6,2763,1,4161063,4555451,11,"['parking', 'mall', 'gym', 'metro']",2025-12-17,2026-08-05T22:00:04.654654,0.85
PROP-739678,Arabian Ranches,Apartment,3,2,1381,30,783601,1246610,38,"['mall', 'security', 'sea_view', 'pool']",2025-10-16,2026-08-05T22:00:04.654672,0.85
PROP-368269,JLT,Penthouse,3,3,1879,16,1339031,1578148,41,"['pool', 'parking', 'metro', 'gym']",2025-04-16,2026-08-05T22:00:04.654690,0.85
PROP-622623,Arabian Ranches,Apartment,3,5,1574,44,761665,1531378,33,"['parking', 'pool', 'mall', 'balcony']",2025-03-28,2026-08-05T22:00:04.654708,0.85
PROP-713739,Downtown Dubai,Townhouse,2,4,1087,1,1564790,2148388,11,"['pool', 'security', 'metro', 'sea_view', 'balcony']",2025-10-08,2026-08-05T22:00:04.654727,0.85
PROP-295030,Dubai Marina,Villa,5,6,2823,1,3185486,4312583,30,"['parking', 'sea_view', 'pool']",2025-10-17,2026-08-05T22:00:04.654744,0.85
PROP-285514,Arabian Ranches,Penthouse,3,3,1753,40,895633,1779557,33,"['mall', 'balcony']",2025-05-12,2026-08-05T22:00:04.654767,0.85
PROP-740590,Downtown Dubai,Townhouse,2,2,1380,1,1489040,2197470,21,"['metro', 'balcony', 'mall', 'security', 'sea_view']",2025-04-10,2026-08-05T22:00:04.654786,0.85
PROP-882275,Downtown Dubai,Townhouse,2,1,1016,1,1095845,1742556,5,"['balcony', 'mall', 'gym', 'pool', 'parking', 'metro']",2025-02-06,2026-08-05T22:00:04.654805,0.85
PROP-980883,Downtown Dubai,Apartment,1,1,558,2,536863,803463,13,"['mall', 'security']",2026-02-23,2026-08-05T22:00:04.654823,0.85
PROP-238826,Arabian Ranches,Apartment,2,2,961,37,477590,951539,21,"['mall', 'parking', 'gym']",2025-03-21,2026-08-05T22:00:04.654841,0.85
PROP-158312,Dubai Marina,Penthouse,5,6,2901,20,2429636,4331054,39,"['balcony', 'pool', 'parking']",2026-01-24,2026-08-05T22:00:04.654865,0.85
PROP-695994,Arabian Ranches,Villa,4,5,1751,1,1080112,1830396,34,"['gym', 'balcony', 'parking', 'metro', 'security']",2026-02-24,2026-08-05T22:00:04.654885,0.85
PROP-528909,Arabian Ranches,Apartment,3,4,1729,9,1194813,1600280,42,"['security', 'sea_view', 'pool', 'mall']",2025-05-02,2026-08-05T22:00:04.654904,0.85
PROP-370142,Dubai Marina,Penthouse,5,6,2538,42,2815978,3606441,33,"['pool', 'parking', 'gym', 'metro']",2025-02-16,2026-08-05T22:00:04.654922,0.85
PROP-305992,Dubai Marina,Villa,5,5,2039,1,1944346,2873636,36,"['gym', 'pool', 'metro', 'security', 'balcony']",2025-02-08,2026-08-05T22:00:04.654939,0.85
PROP-973805,Bluewaters,Villa,3,5,1448,1,1653482,2391656,29,"['pool', 'gym', 'sea_view']",2025-07-31,2026-08-05T22:00:04.654960,0.85
PROP-987754,Arabian Ranches,Apartment,3,3,1793,13,950993,1635385,30,"['balcony', 'metro', 'parking']",2025-09-28,2026-08-05T22:00:04.654978,0.85
PROP-825434,JLT,Townhouse,3,2,1885,1,1410007,1522517,40,"['metro', 'mall', 'gym', 'sea_view', 'parking', 'pool']",2026-06-21,2026-08-05T22:00:04.654996,0.85
PROP-182268,JLT,Penthouse,4,3,2332,31,1839860,2549428,39,"['sea_view', 'pool', 'security', 'gym', 'balcony', 'parking']",2025-07-07,2026-08-05T22:00:04.655016,0.85
PROP-864327,Palm Jumeirah,Townhouse,2,2,948,1,1436801,1755091,38,"['pool', 'parking', 'metro', 'balcony']",2026-04-09,2026-08-05T22:00:04.655033,0.85
PROP-961151,Bluewaters,Apartment,2,4,1070,40,1318129,1946808,30,"['metro', 'pool']",2025-02-18,2026-08-05T22:00:04.655051,0.85
PROP-119267,JLT,Apartment,1,2,752,16,652494,782341,39,"['sea_view', 'parking', 'pool', 'balcony']",2025-09-18,2026-08-05T22:00:04.655068,0.85
PROP-960637,Downtown Dubai,Villa,4,3,2064,1,2656093,3618480,16,"['pool', 'gym', 'balcony']",2025-07-05,2026-08-05T22:00:04.655086,0.85
PROP-396206,Arabian Ranches,Penthouse,5,6,2660,43,1560770,2825306,25,"['sea_view', 'gym', 'balcony', 'parking', 'pool']",2025-06-15,2026-08-05T22:00:04.655104,0.85
PROP-627577,Bluewaters,Penthouse,5,5,2231,22,3144036,3746497,12,"['mall', 'parking', 'metro']",2026-07-03,2026-08-05T22:00:04.655122,0.85
PROP-333159,Arabian Ranches,Apartment,2,4,1078,39,661906,1291142,22,"['parking', 'pool', 'sea_view', 'metro', 'balcony', 'mall']",2025-09-29,2026-08-05T22:00:04.655143,0.85
PROP-295528,Dubai Marina,Apartment,1,1,742,7,604469,1015469,26,"['pool', 'parking', 'gym', 'security']",2025-11-06,2026-08-05T22:00:04.655161,0.85
PROP-811060,Bluewaters,Apartment,1,3,609,30,883847,1220034,16,"['pool', 'parking', 'gym']",2025-03-26,2026-08-05T22:00:04.655178,0.85
PROP-183810,Dubai Marina,Penthouse,4,5,2014,19,1919118,2918511,34,"['parking', 'sea_view']",2025-12-13,2026-08-05T22:00:04.655201,0.85
PROP-238695,JLT,Apartment,2,4,1217,40,939144,1239828,35,"['metro', 'mall', 'security', 'sea_view']",2025-05-10,2026-08-05T22:00:04.655219,0.85
PROP-177251,JLT,Villa,4,5,2511,1,1789785,2010891,24,"['parking', 'sea_view']",2025-06-14,2026-08-05T22:00:04.655236,0.85
PROP-446705,Bluewaters,Townhouse,1,1,793,1,1156983,1700453,11,"['metro', 'balcony', 'security']",2026-06-06,2026-08-05T22:00:04.655253,0.85
PROP-378902,Dubai Marina,Penthouse,3,2,1655,16,1549460,1827420,10,"['gym', 'sea_view', 'metro']",2025-05-13,2026-08-05T22:00:04.655274,0.85
PROP-124437,Dubai Marina,Apartment,1,1,622,38,511642,735486,34,"['pool', 'gym', 'parking']",2026-02-14,2026-08-05T22:00:04.655291,0.85
PROP-511485,Arabian Ranches,Townhouse,2,2,1254,1,832874,1301677,32,"['mall', 'sea_view', 'balcony', 'parking', 'gym', 'pool']",2025-12-25,2026-08-05T22:00:04.655310,0.85
PROP-145974,Dubai Marina,Apartment,3,5,1251,30,1132873,1885712,24,"['sea_view', 'parking', 'metro', 'balcony']",2026-02-22,2026-08-05T22:00:04.655329,0.85
PROP-853261,Palm Jumeirah,Townhouse,3,4,1827,1,3190900,3576517,15,"['pool', 'sea_view']",2026-03-20,2026-08-05T22:00:04.655346,0.85
PROP-256665,Arabian Ranches,Penthouse,4,5,2148,19,1487953,2477890,45,"['metro', 'security', 'gym', 'sea_view']",2025-06-07,2026-08-05T22:00:04.655364,0.85
PROP-131964,Dubai Marina,Penthouse,5,7,2076,45,1923755,2296130,34,"['gym', 'metro', 'security', 'mall', 'parking']",2025-04-25,2026-08-05T22:00:04.655384,0.85
PROP-628448,JLT,Apartment,2,4,1204,27,1048129,1109885,21,"['sea_view', 'metro', 'pool']",2025-07-06,2026-08-05T22:00:04.655402,0.85
PROP-431385,Palm Jumeirah,Apartment,1,2,502,5,701634,1142337,33,"['metro', 'security']",2026-03-29,2026-08-05T22:00:04.655419,0.85
PROP-563824,JLT,Apartment,2,4,1123,24,717242,984531,19,"['security', 'balcony', 'parking']",2025-09-06,2026-08-05T22:00:04.655436,0.85
PROP-895314,Arabian Ranches,Townhouse,1,3,704,1,374042,777217,31,"['pool', 'parking', 'sea_view', 'security', 'mall']",2026-04-15,2026-08-05T22:00:04.655454,0.85
PROP-848141,Bluewaters,Penthouse,4,5,2439,38,2770695,4385465,39,"['security', 'gym']",2025-08-01,2026-08-05T22:00:04.655472,0.85
PROP-988736,Arabian Ranches,Penthouse,4,6,2184,1,1244489,2272697,45,"['security', 'sea_view', 'metro']",2025-02-17,2026-08-05T22:00:04.655491,0.85
PROP-823730,JLT,Apartment,3,4,1339,42,843675,1145758,17,"['sea_view', 'security', 'metro', 'gym', 'balcony', 'pool']",2026-02-22,2026-08-05T22:00:04.655511,0.85
PROP-747298,Bluewaters,Penthouse,3,3,1598,26,1879426,2595073,38,"['parking', 'mall', 'gym', 'sea_view', 'security', 'balcony']",2025-06-08,2026-08-05T22:00:04.655533,0.85
PROP-783362,Arabian Ranches,Villa,5,5,2652,1,1857532,2881622,43,"['security', 'sea_view', 'balcony']",2025-07-12,2026-08-05T22:00:04.655550,0.85
PROP-339026,Downtown Dubai,Apartment,1,1,718,2,887527,1113486,4,"['metro', 'balcony']",2026-01-20,2026-08-05T22:00:04.655567,0.85
PROP-444201,Downtown Dubai,Townhouse,2,2,1060,1,1269274,1528902,22,"['parking', 'balcony', 'pool', 'security', 'mall', 'gym']",2026-04-19,2026-08-05T22:00:04.655586,0.85
PROP-851431,Palm Jumeirah,Townhouse,1,3,690,1,905968,1516534,32,"['gym', 'mall', 'balcony', 'metro', 'pool', 'security']",2026-07-01,2026-08-05T22:00:04.655604,0.85
PROP-589540,JLT,Townhouse,1,1,701,1,459359,720284,37,"['parking', 'security', 'metro']",2025-03-08,2026-08-05T22:00:04.655622,0.85
PROP-317406,Downtown Dubai,Villa,3,5,1964,1,2545196,2789394,16,"['balcony', 'sea_view', 'security', 'pool', 'metro']",2026-07-17,2026-08-05T22:00:04.655641,0.85
PROP-771417,Arabian Ranches,Townhouse,1,1,563,1,315513,559598,40,"['balcony', 'gym', 'sea_view', 'parking', 'pool', 'mall']",2026-05-19,2026-08-05T22:00:04.655660,0.85
PROP-575469,JLT,Townhouse,3,2,1502,1,1022974,1505934,44,"['mall', 'metro', 'parking', 'balcony', 'gym']",2025-04-10,2026-08-05T22:00:04.655678,0.85
PROP-531618,JLT,Villa,5,4,2481,1,1498866,2014579,39,"['security', 'metro', 'balcony', 'parking', 'mall']",2025-10-02,2026-08-05T22:00:04.655700,0.85
PROP-983020,Bluewaters,Apartment,2,4,1097,39,1406659,2141035,14,"['security', 'balcony', 'sea_view', 'metro', 'mall', 'parking']",2025-10-11,2026-08-05T22:00:04.655720,0.85
PROP-411006,Arabian Ranches,Apartment,2,4,977,21,472291,961982,43,"['parking', 'metro', 'security']",2025-04-03,2026-08-05T22:00:04.655738,0.85
PROP-745836,Downtown Dubai,Villa,4,4,2235,1,3103812,3265016,7,"['gym', 'sea_view', 'pool']",2025-08-26,2026-08-05T22:00:04.655759,0.85
PROP-414752,Palm Jumeirah,Townhouse,1,2,456,1,722239,879038,27,"['parking', 'gym', 'metro', 'balcony', 'mall']",2025-02-15,2026-08-05T22:00:04.655778,0.85
PROP-789191,Downtown Dubai,Villa,5,7,3001,1,3956311,5454767,6,"['parking', 'gym', 'metro', 'security', 'balcony', 'pool']",2025-08-27,2026-08-05T22:00:04.655797,0.85
PROP-520283,Arabian Ranches,Townhouse,1,3,608,1,347934,561251,44,"['balcony', 'mall', 'sea_view']",2025-06-09,2026-08-05T22:00:04.655814,0.85
PROP-261654,Palm Jumeirah,Penthouse,5,6,2362,44,3102932,4959885,27,"['balcony', 'mall', 'security', 'gym', 'metro', 'pool']",2025-04-10,2026-08-05T22:00:04.655834,0.85
PROP-434134,Downtown Dubai,Penthouse,3,2,1597,37,2207736,2635542,16,"['parking', 'pool', 'metro', 'security', 'mall']",2025-07-21,2026-08-05T22:00:04.655852,0.85
PROP-204727,Bluewaters,Penthouse,5,7,2374,32,3274636,4542988,23,"['sea_view', 'metro', 'parking', 'security']",2025-07-18,2026-08-05T22:00:04.655876,0.85
PROP-816485,Downtown Dubai,Townhouse,2,4,942,1,907416,1537201,18,"['metro', 'mall', 'balcony', 'gym']",2025-09-23,2026-08-05T22:00:04.655895,0.85
PROP-410489,Dubai Marina,Townhouse,1,3,727,1,633891,838416,14,"['balcony', 'parking', 'pool', 'mall']",2025-03-26,2026-08-05T22:00:04.655913,0.85
PROP-574622,Dubai Marina,Villa,4,4,2248,1,2491624,3594677,9,"['security', 'metro', 'parking', 'mall', 'pool', 'sea_view']",2026-05-23,2026-08-05T22:00:04.655932,0.85
PROP-936043,Dubai Marina,Villa,6,6,2418,1,2591033,2983547,38,"['metro', 'pool', 'gym']",2026-05-13,2026-08-05T22:00:04.655949,0.85
PROP-712244,Bluewaters,Townhouse,3,2,1837,1,2095287,4022794,35,"['gym', 'mall', 'parking', 'balcony']",2026-06-19,2026-08-05T22:00:04.655967,0.85
PROP-480191,JLT,Apartment,3,5,1854,37,1600543,1558247,25,"['parking', 'balcony', 'mall', 'pool']",2025-12-09,2026-08-05T22:00:04.655985,0.85
PROP-771319,JLT,Townhouse,3,2,1540,1,1346440,1446385,28,"['mall', 'parking', 'balcony', 'pool', 'metro']",2025-02-13,2026-08-05T22:00:04.656003,0.85
PROP-383393,Bluewaters,Villa,5,4,2579,1,3784241,5304386,12,"['metro', 'pool', 'gym']",2025-11-10,2026-08-05T22:00:04.656021,0.85
PROP-142854,Downtown Dubai,Apartment,1,1,811,39,1158091,1203481,20,"['pool', 'security', 'gym', 'parking']",2026-02-09,2026-08-05T22:00:04.656041,0.85
PROP-873654,Downtown Dubai,Apartment,3,5,1895,31,2079075,3149626,15,"['sea_view', 'pool', 'mall', 'parking', 'metro', 'balcony']",2025-05-12,2026-08-05T22:00:04.656067,0.85
PROP-698266,Palm Jumeirah,Villa,4,3,2279,1,3699552,4308211,32,"['metro', 'sea_view', 'balcony', 'parking']",2026-03-18,2026-08-05T22:00:04.656091,0.85
PROP-979381,JLT,Villa,4,4,1891,1,1152258,1877474,40,"['metro', 'sea_view', 'balcony', 'parking', 'gym', 'security']",2025-04-22,2026-08-05T22:00:04.656111,0.85
PROP-489577,JLT,Townhouse,3,3,1452,1,955039,1162683,29,"['security', 'sea_view', 'metro']",2026-04-10,2026-08-05T22:00:04.656128,0.85
PROP-540830,Dubai Marina,Apartment,2,2,1025,25,1103308,1548622,27,"['metro', 'balcony', 'mall', 'sea_view']",2026-06-16,2026-08-05T22:00:04.656146,0.85
PROP-137656,Downtown Dubai,Villa,4,6,2313,1,2464803,3895680,18,"['pool', 'gym', 'metro', 'sea_view', 'security', 'parking']",2026-05-22,2026-08-05T22:00:04.656167,0.85
PROP-174030,Bluewaters,Penthouse,4,5,2505,41,3417800,4091610,39,"['balcony', 'metro', 'security', 'sea_view', 'parking', 'mall']",2025-10-05,2026-08-05T22:00:04.656191,0.85
PROP-469877,Bluewaters,Penthouse,4,6,1980,13,2654008,3259943,37,"['pool', 'metro', 'security', 'gym', 'sea_view', 'parking']",2026-04-23,2026-08-05T22:00:04.656211,0.85
PROP-564827,Arabian Ranches,Apartment,2,4,1137,36,704311,1149368,40,"['parking', 'security', 'balcony', 'gym', 'mall']",2025-01-18,2026-08-05T22:00:04.656229,0.85
PROP-874087,JLT,Villa,3,3,1407,1,1012446,1189310,35,"['gym', 'mall', 'pool', 'balcony', 'sea_view']",2025-07-25,2026-08-05T22:00:04.656247,0.85
PROP-149362,Dubai Marina,Apartment,1,3,667,33,704435,1005662,9,"['pool', 'security', 'metro', 'balcony', 'mall']",2026-03-28,2026-08-05T22:00:04.656267,0.85
PROP-736980,JLT,Villa,4,6,2371,1,1841896,1999211,34,"['security', 'gym', 'parking', 'balcony', 'mall', 'sea_view']",2025-08-25,2026-08-05T22:00:04.656287,0.85
PROP-563742,JLT,Apartment,1,2,676,32,472098,644437,30,"['security', 'gym', 'parking', 'sea_view', 'mall', 'pool']",2025-02-23,2026-08-05T22:00:04.656306,0.85
PROP-774976,Downtown Dubai,Apartment,1,1,640,22,718928,912399,31,"['mall', 'sea_view', 'pool', 'parking']",2026-02-25,2026-08-05T22:00:04.656324,0.85
PROP-153903,Dubai Marina,Penthouse,5,5,2650,18,2318290,3327313,25,"['security', 'pool', 'metro', 'parking', 'sea_view', 'gym']",2025-03-04,2026-08-05T22:00:04.656343,0.85
PROP-958925,Bluewaters,Apartment,1,1,780,4,879188,1498732,25,"['sea_view', 'mall']",2025-06-04,2026-08-05T22:00:04.656361,0.85
PROP-474509,Arabian Ranches,Apartment,3,2,1821,29,1144131,1932660,48,"['security', 'sea_view', 'parking']",2025-09-18,2026-08-05T22:00:04.656379,0.85
PROP-953963,JLT,Townhouse,2,4,1336,1,1126330,1078715,41,"['metro', 'sea_view', 'security']",2025-08-24,2026-08-05T22:00:04.656396,0.85
PROP-483832,Dubai Marina,Apartment,2,2,1031,31,885326,1391133,30,"['gym', 'parking', 'balcony']",2025-02-11,2026-08-05T22:00:04.656413,0.85
PROP-447526,JLT,Villa,4,6,1789,1,1346603,1947361,41,"['pool', 'gym', 'balcony']",2026-03-27,2026-08-05T22:00:04.656430,0.85
PROP-676706,Arabian Ranches,Townhouse,3,4,1725,1,1240314,1669852,26,"['gym', 'security', 'sea_view', 'parking']",2026-05-01,2026-08-05T22:00:04.656449,0.85
PROP-843460,Palm Jumeirah,Townhouse,3,3,1818,1,3006808,3302899,27,"['balcony', 'parking', 'security']",2025-03-14,2026-08-05T22:00:04.656468,0.85
PROP-563421,Palm Jumeirah,Penthouse,3,2,1707,23,2513103,3849645,42,"['balcony', 'sea_view', 'mall', 'pool', 'security']",2026-04-20,2026-08-05T22:00:04.656486,0.85
PROP-800077,Dubai Marina,Townhouse,1,1,531,1,512363,609068,27,"['gym', 'sea_view', 'parking', 'pool', 'mall', 'security']",2025-10-02,2026-08-05T22:00:04.656505,0.85
PROP-662051,JLT,Penthouse,5,4,2880,36,1903733,2724641,31,"['pool', 'sea_view', 'gym', 'balcony']",2026-02-27,2026-08-05T22:00:04.656523,0.85
PROP-841427,JLT,Townhouse,3,3,1317,1,1110984,1221419,44,"['pool', 'balcony', 'sea_view', 'metro']",2025-05-25,2026-08-05T22:00:04.656541,0.85
PROP-882872,Downtown Dubai,Apartment,3,3,1661,29,1961053,2923143,16,"['metro', 'security', 'pool', 'sea_view', 'gym']",2025-09-03,2026-08-05T22:00:04.656559,0.85
PROP-175885,JLT,Villa,5,5,1958,1,1640863,2058809,21,"['balcony', 'mall', 'metro']",2026-06-05,2026-08-05T22:00:04.656576,0.85
PROP-226141,Downtown Dubai,Penthouse,4,4,2177,23,2734866,3068889,19,"['gym', 'parking', 'mall', 'metro', 'balcony']",2025-05-30,2026-08-05T22:00:04.656596,0.85
PROP-948302,Palm Jumeirah,Townhouse,1,1,629,1,1031146,1286508,27,"['metro', 'parking', 'security', 'mall']",2026-02-16,2026-08-05T22:00:04.656613,0.85
PROP-710950,JLT,Apartment,1,3,763,9,544692,625618,35,"['metro', 'balcony', 'sea_view', 'parking']",2025-07-02,2026-08-05T22:00:04.656631,0.85
PROP-102600,Downtown Dubai,Villa,6,8,2910,1,3927651,4595408,5,"['security', 'metro']",2025-09-03,2026-08-05T22:00:04.656650,0.85
PROP-289339,Downtown Dubai,Townhouse,2,1,1278,1,1737104,2388680,12,"['balcony', 'mall', 'security', 'sea_view']",2026-03-02,2026-08-05T22:00:04.656667,0.85
PROP-819991,Arabian Ranches,Villa,3,4,1633,1,1158790,1502084,50,"['balcony', 'security', 'sea_view', 'pool']",2025-05-30,2026-08-05T22:00:04.656686,0.85
PROP-240522,JLT,Townhouse,3,3,1447,1,908482,1270776,42,"['mall', 'balcony', 'metro', 'security', 'parking', 'pool']",2026-04-20,2026-08-05T22:00:04.656704,0.85
PROP-154104,Bluewaters,Apartment,2,1,1262,19,1453425,2394428,24,"['gym', 'balcony', 'mall', 'pool', 'parking']",2025-02-13,2026-08-05T22:00:04.656722,0.85
PROP-604764,Dubai Marina,Apartment,3,5,1379,20,1177951,1575030,11,"['balcony', 'gym']",2025-05-08,2026-08-05T22:00:04.656739,0.85
PROP-446731,Arabian Ranches,Penthouse,3,2,1407,36,701569,1458823,22,"['metro', 'sea_view', 'balcony', 'parking', 'security', 'gym']",2026-03-05,2026-08-05T22:00:04.656764,0.85
PROP-841058,JLT,Apartment,2,1,1091,38,869487,952789,42,"['sea_view', 'parking']",2025-12-23,2026-08-05T22:00:04.656782,0.85
PROP-971306,Bluewaters,Villa,3,5,1201,1,1344796,1960678,41,"['metro', 'mall', 'parking', 'sea_view', 'pool', 'balcony']",2025-07-26,2026-08-05T22:00:04.656801,0.85
PROP-874410,Downtown Dubai,Villa,5,4,2118,1,2834658,2999903,17,"['pool', 'mall', 'parking', 'metro', 'sea_view']",2025-08-26,2026-08-05T22:00:04.656819,0.85
PROP-435036,Arabian Ranches,Villa,3,2,1673,1,1161531,1608994,44,"['parking', 'gym', 'metro', 'sea_view', 'mall', 'pool']",2026-05-21,2026-08-05T22:00:04.656841,0.85
PROP-319231,Downtown Dubai,Villa,4,4,1738,1,1983639,3116249,7,"['pool', 'metro', 'mall', 'sea_view', 'gym', 'security']",2025-09-18,2026-08-05T22:00:04.656866,0.85
PROP-451834,Downtown Dubai,Apartment,1,1,703,24,736137,1143991,7,"['parking', 'gym', 'sea_view']",2025-11-11,2026-08-05T22:00:04.656885,0.85
PROP-712001,JLT,Townhouse,2,2,1065,1,698321,979713,41,"['mall', 'security', 'pool', 'gym']",2025-09-28,2026-08-05T22:00:04.656905,0.85
PROP-755467,Arabian Ranches,Penthouse,4,4,1861,4,1219185,2000580,32,"['metro', 'mall', 'security']",2025-03-07,2026-08-05T22:00:04.656925,0.85
PROP-502284,Downtown Dubai,Townhouse,3,4,1526,1,2073194,2462547,30,"['sea_view', 'mall']",2026-01-06,2026-08-05T22:00:04.656942,0.85
PROP-749685,JLT,Townhouse,2,1,1185,1,982612,1086675,22,"['security', 'metro', 'sea_view', 'balcony']",2026-05-13,2026-08-05T22:00:04.656959,0.85
PROP-555398,JLT,Penthouse,4,3,2014,24,1340825,1855490,35,"['parking', 'mall', 'security', 'metro']",2025-05-24,2026-08-05T22:00:04.656977,0.85
PROP-261581,Bluewaters,Townhouse,3,3,1514,1,2003088,3057137,33,"['parking', 'metro', 'sea_view', 'balcony', 'mall']",2025-10-21,2026-08-05T22:00:04.656995,0.85
PROP-306061,Palm Jumeirah,Villa,6,8,3183,1,4120149,6484179,15,"['mall', 'metro', 'sea_view']",2025-05-19,2026-08-05T22:00:04.657013,0.85
PROP-512401,Bluewaters,Villa,5,6,2266,1,2814021,4072260,34,"['security', 'sea_view', 'balcony', 'pool', 'mall']",2026-03-21,2026-08-05T22:00:04.657032,0.85
PROP-187348,Bluewaters,Villa,5,7,2726,1,3687165,5591654,35,"['gym', 'security', 'pool', 'parking', 'mall', 'balcony']",2025-02-04,2026-08-05T22:00:04.657051,0.85
PROP-594435,Dubai Marina,Penthouse,5,5,2971,6,2348639,3302446,34,"['mall', 'gym', 'security']",2026-05-03,2026-08-05T22:00:04.657068,0.85
PROP-223548,Bluewaters,Villa,3,2,1634,1,2208047,3412953,41,"['pool', 'balcony', 'gym', 'security', 'parking', 'metro']",2025-11-25,2026-08-05T22:00:04.657087,0.85
PROP-507477,Downtown Dubai,Apartment,2,4,1300,38,1727365,2430737,18,"['parking', 'mall', 'sea_view', 'metro', 'gym']",2026-01-31,2026-08-05T22:00:04.657105,0.85
PROP-800207,Bluewaters,Townhouse,2,4,1001,1,1344180,1877881,34,"['balcony', 'pool', 'gym', 'security', 'parking', 'mall']",2026-04-12,2026-08-05T22:00:04.657124,0.85
PROP-444600,Dubai Marina,Villa,6,8,3447,1,3392456,3944111,22,"['pool', 'security', 'sea_view', 'balcony', 'gym']",2025-12-03,2026-08-05T22:00:04.657142,0.85
PROP-695262,Downtown Dubai,Apartment,1,1,604,11,681284,1125864,4,"['metro', 'mall']",2025-11-22,2026-08-05T22:00:04.657159,0.85
PROP-788695,Arabian Ranches,Townhouse,3,2,1773,1,933883,1718900,29,"['mall', 'sea_view', 'security']",2025-03-01,2026-08-05T22:00:04.657176,0.85
PROP-617602,Downtown Dubai,Townhouse,3,2,1389,1,1883833,2399215,26,"['gym', 'sea_view', 'pool', 'metro']",2025-04-22,2026-08-05T22:00:04.657198,0.85
PROP-140530,Arabian Ranches,Villa,3,2,1620,1,813035,1652621,30,"['gym', 'metro', 'pool', 'sea_view', 'parking', 'security']",2026-01-22,2026-08-05T22:00:04.657219,0.85
PROP-626326,Downtown Dubai,Penthouse,4,3,2190,3,2888686,3161072,23,"['pool', 'gym', 'parking', 'metro', 'mall', 'security']",2025-10-22,2026-08-05T22:00:04.657240,0.85
PROP-609255,Bluewaters,Townhouse,2,3,908,1,1028896,1560388,24,"['mall', 'balcony']",2026-04-05,2026-08-05T22:00:04.657257,0.85
PROP-241800,Arabian Ranches,Apartment,1,3,505,21,337809,469480,43,"['mall', 'pool']",2025-11-27,2026-08-05T22:00:04.657274,0.85
PROP-238957,Bluewaters,Apartment,3,4,1231,20,1858015,2463728,11,"['gym', 'parking', 'pool']",2026-03-25,2026-08-05T22:00:04.657292,0.85
PROP-408872,Arabian Ranches,Penthouse,5,6,2324,32,1636404,2143947,50,"['security', 'mall', 'metro', 'balcony', 'parking', 'gym']",2025-05-23,2026-08-05T22:00:04.657311,0.85
PROP-772572,JLT,Villa,3,3,1613,1,985950,1598717,26,"['gym', 'sea_view', 'security', 'pool', 'parking', 'balcony']",2025-10-28,2026-08-05T22:00:04.657330,0.85
PROP-794041,Downtown Dubai,Apartment,2,3,862,16,861614,1380328,14,"['metro', 'balcony']",2025-05-05,2026-08-05T22:00:04.657348,0.85
PROP-610193,Downtown Dubai,Penthouse,3,5,1699,23,1905980,3396308,9,"['balcony', 'pool', 'metro', 'gym', 'parking']",2025-10-11,2026-08-05T22:00:04.657367,0.85
PROP-697911,Bluewaters,Apartment,3,5,1874,39,2624695,3308641,27,"['metro', 'security', 'balcony', 'parking']",2025-02-06,2026-08-05T22:00:04.657385,0.85
PROP-483380,Arabian Ranches,Villa,3,2,1486,1,923999,1617660,44,"['metro', 'security', 'parking', 'mall']",2025-11-21,2026-08-05T22:00:04.657404,0.85
PROP-108383,Palm Jumeirah,Townhouse,1,1,608,1,856120,1260263,17,"['metro', 'parking', 'pool', 'mall']",2025-06-23,2026-08-05T22:00:04.657422,0.85
PROP-288777,JLT,Apartment,3,2,1363,42,1194389,1135882,24,"['metro', 'balcony']",2025-05-07,2026-08-05T22:00:04.657440,0.85
PROP-609462,Palm Jumeirah,Apartment,3,5,1799,1,1947363,4041849,39,"['metro', 'balcony', 'mall', 'pool', 'parking']",2026-03-17,2026-08-05T22:00:04.657458,0.85
PROP-289772,Downtown Dubai,Villa,3,5,1548,1,1628872,2836042,7,"['parking', 'gym', 'metro', 'sea_view']",2026-02-28,2026-08-05T22:00:04.657476,0.85
PROP-133501,Downtown Dubai,Villa,5,4,2677,1,3175190,5139296,20,"['sea_view', 'balcony', 'metro']",2025-09-15,2026-08-05T22:00:04.657493,0.85
PROP-358237,Dubai Marina,Townhouse,1,1,918,1,804600,1287650,12,"['sea_view', 'metro', 'pool']",2026-03-28,2026-08-05T22:00:04.657510,0.85
PROP-223375,Palm Jumeirah,Apartment,2,2,1188,10,1423945,2673225,31,"['pool', 'metro', 'security']",2025-09-12,2026-08-05T22:00:04.657528,0.85
PROP-846895,Bluewaters,Townhouse,2,1,1343,1,1750013,2172337,40,"['pool', 'metro', 'mall', 'sea_view', 'parking', 'balcony']",2025-09-05,2026-08-05T22:00:04.657547,0.85
PROP-938721,Palm Jumeirah,Villa,5,4,2800,1,4781119,5287445,37,"['gym', 'sea_view', 'parking', 'metro', 'security', 'balcony']",2025-05-06,2026-08-05T22:00:04.657566,0.85
PROP-806413,JLT,Townhouse,3,3,1588,1,1036306,1576038,38,"['security', 'pool', 'mall', 'gym', 'parking', 'balcony']",2026-06-03,2026-08-05T22:00:04.657587,0.85
PROP-953877,Downtown Dubai,Penthouse,5,4,2774,7,2958529,4983191,27,"['balcony', 'gym', 'sea_view', 'security', 'pool']",2025-08-17,2026-08-05T22:00:04.657606,0.85
PROP-974633,Palm Jumeirah,Townhouse,2,4,1390,1,2094030,2799797,37,"['balcony', 'gym']",2026-06-29,2026-08-05T22:00:04.657623,0.85
PROP-540798,JLT,Penthouse,5,4,2882,23,2502034,2755038,42,"['metro', 'pool', 'security', 'mall', 'balcony', 'gym']",2025-07-20,2026-08-05T22:00:04.657642,0.85
PROP-538571,JLT,Villa,4,6,2411,1,1715128,2575198,19,"['sea_view', 'gym', 'security', 'mall', 'pool']",2025-12-01,2026-08-05T22:00:04.657659,0.85
PROP-382437,Bluewaters,Apartment,2,1,1053,15,1435144,2008299,17,"['metro', 'balcony', 'mall', 'gym', 'security']",2025-09-20,2026-08-05T22:00:04.657677,0.85
PROP-637168,Palm Jumeirah,Penthouse,4,4,1832,35,2350508,3533799,36,"['balcony', 'gym', 'metro']",2025-08-26,2026-08-05T22:00:04.657697,0.85
PROP-395476,Dubai Marina,Apartment,2,1,1096,20,898522,1386984,16,"['gym', 'parking', 'balcony', 'metro', 'sea_view']",2025-04-07,2026-08-05T22:00:04.657716,0.85
PROP-808477,Arabian Ranches,Apartment,2,2,1342,25,648973,1319541,32,"['pool', 'gym', 'metro', 'sea_view', 'balcony']",2025-07-23,2026-08-05T22:00:04.657735,0.85
PROP-121239,Arabian Ranches,Townhouse,2,2,954,1,531681,1012524,46,"['metro', 'gym', 'pool']",2025-09-07,2026-08-05T22:00:04.657756,0.85
PROP-416707,Downtown Dubai,Penthouse,4,4,2250,29,2330566,3805253,34,"['parking', 'metro', 'gym']",2026-06-05,2026-08-05T22:00:04.657776,0.85
PROP-959210,Dubai Marina,Penthouse,4,4,1803,44,1562598,2142047,21,"['security', 'mall', 'pool', 'metro', 'gym']",2026-03-08,2026-08-05T22:00:04.657794,0.85
PROP-199845,Palm Jumeirah,Apartment,1,1,809,11,1165025,1627262,37,"['pool', 'gym', 'metro', 'mall']",2025-04-27,2026-08-05T22:00:04.657812,0.85
PROP-292735,Bluewaters,Apartment,1,1,738,14,901675,1280736,30,"['gym', 'balcony', 'pool', 'sea_view', 'metro']",2026-06-14,2026-08-05T22:00:04.657831,0.85
PROP-728833,Bluewaters,Townhouse,2,1,1066,1,1193356,1923391,33,"['mall', 'pool', 'balcony', 'parking']",2025-07-06,2026-08-05T22:00:04.657849,0.85
PROP-503775,Palm Jumeirah,Apartment,3,5,1667,15,1800924,3927027,24,"['parking', 'sea_view', 'gym']",2026-04-19,2026-08-05T22:00:04.657873,0.85
PROP-744810,Bluewaters,Penthouse,4,3,1957,25,2302210,3992965,37,"['mall', 'pool', 'sea_view']",2026-02-28,2026-08-05T22:00:04.657891,0.85
PROP-170146,Palm Jumeirah,Townhouse,1,1,701,1,1248694,1471774,26,"['sea_view', 'pool', 'parking', 'gym', 'security']",2025-05-08,2026-08-05T22:00:04.657910,0.85
PROP-238459,Downtown Dubai,Apartment,3,3,1617,45,2055274,2726381,5,"['gym', 'metro', 'sea_view', 'balcony', 'pool']",2026-02-22,2026-08-05T22:00:04.657928,0.85
PROP-242064,Downtown Dubai,Apartment,3,2,1694,41,2071093,3314169,4,"['mall', 'sea_view', 'security', 'gym', 'parking']",2025-11-23,2026-08-05T22:00:04.657948,0.85
PROP-622170,Downtown Dubai,Villa,6,5,3210,1,3984160,4631925,8,"['balcony', 'sea_view', 'mall', 'parking', 'security']",2025-12-15,2026-08-05T22:00:04.657968,0.85
PROP-697476,Dubai Marina,Apartment,2,2,1269,13,999675,1414248,32,"['mall', 'metro', 'parking']",2025-10-26,2026-08-05T22:00:04.657987,0.85
PROP-208298,Arabian Ranches,Villa,4,3,1785,1,968035,1791022,42,"['metro', 'security', 'balcony', 'gym', 'sea_view', 'mall']",2025-10-03,2026-08-05T22:00:04.658007,0.85
PROP-916781,JLT,Villa,6,8,3013,1,1872499,3301131,45,"['parking', 'pool', 'metro']",2026-03-13,2026-08-05T22:00:04.658024,0.85
PROP-291971,Palm Jumeirah,Apartment,2,3,1101,26,1421217,2314035,40,"['sea_view', 'pool', 'gym']",2025-02-12,2026-08-05T22:00:04.658042,0.85
PROP-654628,Palm Jumeirah,Townhouse,2,2,1176,1,2074618,2417623,25,"['metro', 'balcony', 'security', 'sea_view']",2025-10-18,2026-08-05T22:00:04.658059,0.85
PROP-430198,JLT,Townhouse,3,5,1354,1,925600,1409041,26,"['gym', 'pool', 'parking', 'security']",2026-02-19,2026-08-05T22:00:04.658077,0.85
PROP-542185,Dubai Marina,Penthouse,5,5,2789,21,2560045,4363124,36,"['parking', 'metro']",2026-05-06,2026-08-05T22:00:04.658094,0.85
PROP-176492,Downtown Dubai,Penthouse,4,6,1798,21,2332066,3179463,22,"['balcony', 'sea_view', 'parking']",2026-02-23,2026-08-05T22:00:04.658111,0.85
PROP-616682,Downtown Dubai,Apartment,2,4,1390,1,1458530,2602710,13,"['mall', 'balcony', 'sea_view', 'pool', 'parking']",2025-08-04,2026-08-05T22:00:04.658130,0.85
PROP-198154,Bluewaters,Penthouse,3,4,1503,19,2099663,2451639,11,"['security', 'sea_view', 'balcony']",2026-03-10,2026-08-05T22:00:04.658151,0.85
PROP-852634,Palm Jumeirah,Penthouse,5,5,2964,13,4150161,6852162,17,"['balcony', 'parking']",2026-05-15,2026-08-05T22:00:04.658168,0.85
PROP-128381,JLT,Penthouse,4,6,1714,13,1237677,1484174,21,"['metro', 'gym', 'pool', 'sea_view', 'balcony', 'security']",2026-02-10,2026-08-05T22:00:04.658193,0.85
PROP-124055,Dubai Marina,Townhouse,3,4,1444,1,1551084,2146675,36,"['security', 'gym', 'metro', 'mall', 'balcony', 'parking']",2025-06-05,2026-08-05T22:00:04.658213,0.85
PROP-125193,Arabian Ranches,Villa,6,8,3353,1,2170580,3401139,48,"['balcony', 'mall', 'parking', 'security']",2026-02-02,2026-08-05T22:00:04.658231,0.85
PROP-964939,Arabian Ranches,Townhouse,2,3,1116,1,566140,1067274,29,"['sea_view', 'metro', 'pool', 'balcony', 'gym', 'security']",2026-05-17,2026-08-05T22:00:04.658249,0.85
PROP-769051,Bluewaters,Apartment,1,1,683,26,737128,1234173,39,"['pool', 'balcony', 'mall', 'gym', 'sea_view', 'metro']",2025-10-09,2026-08-05T22:00:04.658269,0.85
PROP-647818,Dubai Marina,Apartment,2,1,1061,5,960720,1371322,25,"['gym', 'sea_view', 'mall', 'parking']",2025-12-28,2026-08-05T22:00:04.658286,0.85
PROP-641400,Bluewaters,Apartment,2,2,1202,30,1433563,2287900,17,"['pool', 'mall']",2025-06-02,2026-08-05T22:00:04.658304,0.85
PROP-827622,Palm Jumeirah,Penthouse,4,6,1861,29,2745381,3396816,43,"['pool', 'gym', 'security', 'mall', 'sea_view', 'parking']",2024-12-31,2026-08-05T22:00:04.658324,0.85
PROP-559843,Arabian Ranches,Villa,6,5,2913,1,1472838,3072594,33,"['metro', 'pool', 'mall', 'balcony', 'security']",2025-06-04,2026-08-05T22:00:04.658343,0.85
PROP-493136,Palm Jumeirah,Villa,4,4,1953,1,2779261,3572386,23,"['sea_view', 'balcony']",2025-12-13,2026-08-05T22:00:04.658360,0.85
PROP-271016,Downtown Dubai,Townhouse,2,1,1278,1,1485740,2126386,8,"['sea_view', 'gym', 'parking', 'metro', 'balcony', 'mall']",2025-02-22,2026-08-05T22:00:04.658380,0.85
PROP-545982,Palm Jumeirah,Villa,6,8,3280,1,3765014,7982847,35,"['sea_view', 'balcony', 'pool', 'mall', 'parking']",2025-09-30,2026-08-05T22:00:04.658398,0.85
PROP-550885,JLT,Penthouse,5,5,1958,1,1263864,1869168,23,"['mall', 'gym', 'security']",2025-06-15,2026-08-05T22:00:04.658416,0.85
PROP-547185,Arabian Ranches,Villa,5,6,2124,1,1432938,2364088,26,"['parking', 'metro', 'balcony', 'mall']",2025-09-06,2026-08-05T22:00:04.658433,0.85
PROP-682557,Dubai Marina,Villa,3,5,1297,1,1261541,1792650,24,"['pool', 'sea_view', 'security']",2025-11-25,2026-08-05T22:00:04.658452,0.85
PROP-234502,Bluewaters,Villa,6,8,3153,1,4782221,6842249,14,"['balcony', 'gym']",2025-08-30,2026-08-05T22:00:04.658469,0.85
PROP-247652,Bluewaters,Penthouse,5,7,2100,39,2211716,3917657,13,"['gym', 'pool', 'mall']",2025-10-11,2026-08-05T22:00:04.658486,0.85
PROP-810783,Downtown Dubai,Townhouse,3,4,1635,1,2266853,3234990,15,"['mall', 'security', 'pool', 'balcony', 'metro']",2026-03-20,2026-08-05T22:00:04.658504,0.85
PROP-996212,Arabian Ranches,Penthouse,3,5,1651,23,1098330,1685325,35,"['balcony', 'pool', 'mall', 'sea_view', 'security']",2025-01-11,2026-08-05T22:00:04.658524,0.85
PROP-918236,Downtown Dubai,Villa,5,6,1878,1,2357259,3042336,9,"['parking', 'sea_view', 'security', 'mall']",2026-01-08,2026-08-05T22:00:04.658543,0.85
PROP-826956,JLT,Villa,4,4,1884,1,1173320,1653232,36,"['mall', 'pool']",2025-06-25,2026-08-05T22:00:04.658560,0.85
PROP-881421,Palm Jumeirah,Penthouse,5,5,2410,8,3183354,5668352,31,"['gym', 'parking']",2026-05-28,2026-08-05T22:00:04.658577,0.85
PROP-452598,Bluewaters,Apartment,1,1,628,27,643582,1194676,15,"['sea_view', 'balcony', 'metro', 'gym', 'parking']",2025-03-29,2026-08-05T22:00:04.658595,0.85
PROP-594921,Arabian Ranches,Penthouse,5,5,2293,19,1379982,2554674,32,"['gym', 'balcony', 'mall', 'pool', 'parking']",2025-05-18,2026-08-05T22:00:04.658613,0.85
PROP-618893,Arabian Ranches,Apartment,2,4,1182,27,846770,1201150,30,"['parking', 'pool', 'gym']",2026-04-04,2026-08-05T22:00:04.658633,0.85
PROP-404190,Bluewaters,Villa,6,8,2832,1,4079460,4772464,23,"['sea_view', 'parking', 'balcony', 'gym', 'security', 'metro']",2026-03-04,2026-08-05T22:00:04.658652,0.85
PROP-393395,Dubai Marina,Apartment,1,1,734,26,747994,839094,30,"['pool', 'parking', 'mall', 'balcony', 'sea_view']",2025-07-25,2026-08-05T22:00:04.658670,0.85
PROP-499915,Downtown Dubai,Villa,6,5,2915,1,3819302,5618560,26,"['security', 'parking', 'mall']",2025-11-30,2026-08-05T22:00:04.658688,0.85
PROP-948866,Arabian Ranches,Villa,3,2,1221,1,797766,1314772,37,"['security', 'pool', 'balcony', 'mall', 'metro', 'parking']",2026-06-26,2026-08-05T22:00:04.658707,0.85
PROP-151767,Palm Jumeirah,Apartment,1,1,677,5,894502,1636002,32,"['pool', 'balcony', 'sea_view']",2025-11-11,2026-08-05T22:00:04.658725,0.85
PROP-645168,Palm Jumeirah,Villa,6,8,2893,1,3629435,6052847,18,"['pool', 'balcony', 'mall', 'gym', 'metro', 'parking']",2025-05-05,2026-08-05T22:00:04.658753,0.85
PROP-138100,Dubai Marina,Townhouse,3,4,1981,1,2182837,3151169,33,"['pool', 'metro', 'parking', 'gym', 'mall']",2026-04-04,2026-08-05T22:00:04.658775,0.85
PROP-246728,Palm Jumeirah,Villa,4,3,2345,1,3372063,4553901,27,"['balcony', 'gym', 'pool', 'mall', 'sea_view', 'parking']",2025-08-28,2026-08-05T22:00:04.658795,0.85
PROP-517467,Bluewaters,Penthouse,5,5,2663,23,3647577,5471082,14,"['mall', 'security', 'metro', 'pool', 'sea_view']",2025-03-19,2026-08-05T22:00:04.658813,0.85
PROP-913628,Downtown Dubai,Villa,6,6,3138,1,3804708,5644887,15,"['gym', 'sea_view']",2025-06-10,2026-08-05T22:00:04.658830,0.85
PROP-189784,Bluewaters,Villa,6,8,2545,1,2848874,4732053,25,"['pool', 'balcony', 'sea_view', 'gym', 'security', 'parking']",2025-05-31,2026-08-05T22:00:04.658849,0.85
PROP-457982,JLT,Townhouse,1,1,865,1,770054,692175,26,"['security', 'metro', 'parking', 'balcony', 'pool', 'mall']",2025-08-13,2026-08-05T22:00:04.658876,0.85
PROP-878097,Arabian Ranches,Penthouse,4,6,1874,21,1337825,2156568,33,"['pool', 'balcony', 'gym', 'metro']",2025-06-20,2026-08-05T22:00:04.658895,0.85
PROP-962941,Arabian Ranches,Apartment,2,1,984,8,654920,917883,51,"['sea_view', 'security', 'balcony', 'mall', 'gym']",2026-04-05,2026-08-05T22:00:04.658915,0.85
PROP-104574,Downtown Dubai,Townhouse,2,3,1119,1,1360458,1620499,7,"['metro', 'pool', 'mall', 'parking']",2026-06-15,2026-08-05T22:00:04.658933,0.85
PROP-911536,Bluewaters,Villa,5,6,2702,1,3518924,5048209,37,"['sea_view', 'mall', 'security', 'pool', 'gym']",2026-06-12,2026-08-05T22:00:04.658951,0.85
PROP-699387,Downtown Dubai,Villa,3,2,1304,1,1464587,1835922,24,"['metro', 'mall', 'sea_view', 'pool', 'security', 'gym']",2026-01-18,2026-08-05T22:00:04.658969,0.85
PROP-503116,Dubai Marina,Penthouse,5,6,2132,11,1837234,2546708,28,"['gym', 'sea_view', 'balcony']",2026-06-22,2026-08-05T22:00:04.658987,0.85
PROP-245639,Downtown Dubai,Apartment,1,3,713,2,1006329,1345738,29,"['metro', 'sea_view', 'mall']",2025-04-30,2026-08-05T22:00:04.659004,0.85
PROP-795567,Palm Jumeirah,Penthouse,4,4,2127,2,3365011,4314921,41,"['balcony', 'parking']",2025-05-21,2026-08-05T22:00:04.659022,0.85
PROP-490780,Arabian Ranches,Townhouse,2,4,955,1,623506,1014997,36,"['sea_view', 'mall', 'parking']",2025-10-14,2026-08-05T22:00:04.659040,0.85
PROP-307931,Downtown Dubai,Townhouse,2,1,1136,1,1447890,2201334,21,"['sea_view', 'metro', 'balcony', 'gym', 'parking']",2025-02-12,2026-08-05T22:00:04.659059,0.85
PROP-261750,Palm Jumeirah,Villa,5,7,2736,1,4638523,6518485,19,"['metro', 'mall', 'parking', 'balcony', 'sea_view']",2025-11-13,2026-08-05T22:00:04.659088,0.85
PROP-908927,Dubai Marina,Penthouse,4,5,2277,1,2533736,3530593,18,"['parking', 'metro', 'sea_view']",2025-05-26,2026-08-05T22:00:04.659115,0.85
PROP-855741,Arabian Ranches,Villa,5,6,2380,1,1711781,2635023,48,"['pool', 'parking', 'mall', 'metro', 'balcony', 'sea_view']",2025-06-14,2026-08-05T22:00:04.659135,0.85
PROP-694694,Dubai Marina,Villa,5,7,2524,1,2634586,2786736,23,"['balcony', 'gym', 'mall']",2025-12-25,2026-08-05T22:00:04.659163,0.85
PROP-542195,Dubai Marina,Penthouse,4,4,2506,10,2716586,3496233,17,"['pool', 'gym', 'balcony', 'mall']",2026-05-16,2026-08-05T22:00:04.659193,0.85
PROP-789893,Downtown Dubai,Townhouse,3,4,1415,1,1384516,2093624,26,"['balcony', 'parking']",2026-06-17,2026-08-05T22:00:04.659212,0.85
PROP-297227,Downtown Dubai,Apartment,2,2,1090,5,1119265,1829452,12,"['security', 'metro', 'mall']",2025-08-20,2026-08-05T22:00:04.659233,0.85
PROP-981320,Dubai Marina,Apartment,1,1,691,37,546241,1103443,14,"['sea_view', 'gym', 'security', 'parking', 'metro']",2025-05-04,2026-08-05T22:00:04.659253,0.85
PROP-142968,Bluewaters,Penthouse,3,4,1260,34,1532510,2184924,17,"['sea_view', 'parking', 'metro', 'mall', 'pool', 'gym']",2025-05-04,2026-08-05T22:00:04.659273,0.85
PROP-832469,Arabian Ranches,Apartment,3,3,1444,6,858303,1690293,30,"['sea_view', 'parking', 'mall', 'gym']",2025-03-29,2026-08-05T22:00:04.659291,0.85
PROP-970795,Dubai Marina,Penthouse,3,5,1569,7,1458642,1882640,23,"['metro', 'pool', 'gym', 'mall']",2025-08-22,2026-08-05T22:00:04.659310,0.85
PROP-921597,JLT,Townhouse,2,2,1405,1,951463,1166783,41,"['pool', 'balcony', 'parking', 'metro', 'mall']",2025-01-18,2026-08-05T22:00:04.659330,0.85
PROP-556997,Bluewaters,Penthouse,4,4,1542,28,2048316,2544765,37,"['security', 'pool', 'gym', 'balcony', 'parking']",2026-04-15,2026-08-05T22:00:04.659348,0.85
PROP-562121,Bluewaters,Penthouse,3,4,1421,22,2002751,2974016,28,"['parking', 'sea_view', 'metro']",2025-05-06,2026-08-05T22:00:04.659366,0.85
PROP-159962,Downtown Dubai,Apartment,1,1,638,34,894146,1096310,5,"['sea_view', 'metro', 'pool', 'parking']",2026-02-26,2026-08-05T22:00:04.659384,0.85
PROP-238951,Downtown Dubai,Townhouse,3,3,1608,1,1826380,3079983,8,"['parking', 'metro', 'sea_view', 'gym', 'pool', 'security']",2025-11-09,2026-08-05T22:00:04.659402,0.85
PROP-303510,JLT,Townhouse,2,4,1230,1,806193,1208954,20,"['balcony', 'mall', 'pool', 'parking']",2025-10-25,2026-08-05T22:00:04.659420,0.85
PROP-607137,Dubai Marina,Villa,5,5,2595,1,2234317,3886720,37,"['parking', 'sea_view']",2025-02-19,2026-08-05T22:00:04.659437,0.85
PROP-998874,Dubai Marina,Apartment,2,1,1083,44,1072643,1705033,38,"['parking', 'security', 'mall', 'pool', 'metro']",2025-11-22,2026-08-05T22:00:04.659456,0.85
PROP-925068,Downtown Dubai,Apartment,2,2,1192,4,1562657,2018655,30,"['parking', 'gym', 'pool', 'balcony', 'metro', 'security']",2026-04-20,2026-08-05T22:00:04.659475,0.85
PROP-491286,Palm Jumeirah,Penthouse,3,5,1730,8,2831094,3548730,31,"['mall', 'security', 'pool', 'metro', 'parking', 'gym']",2026-04-14,2026-08-05T22:00:04.659494,0.85
PROP-880954,Downtown Dubai,Apartment,2,3,988,1,1332075,1488470,8,"['security', 'balcony', 'mall', 'metro', 'pool']",2025-12-22,2026-08-05T22:00:04.659517,0.85
PROP-385423,Palm Jumeirah,Townhouse,1,1,763,1,1100367,1615127,25,"['security', 'sea_view']",2026-05-24,2026-08-05T22:00:04.659534,0.85
PROP-355419,Dubai Marina,Villa,5,7,2960,1,3032789,3696444,11,"['parking', 'gym', 'security', 'balcony', 'pool', 'sea_view']",2026-05-09,2026-08-05T22:00:04.659553,0.85
PROP-671989,Arabian Ranches,Villa,6,6,2332,1,1607035,2318175,28,"['balcony', 'security', 'pool']",2026-03-28,2026-08-05T22:00:04.659570,0.85
PROP-818422,Palm Jumeirah,Villa,4,3,1720,1,2520660,3754473,24,"['parking', 'pool', 'balcony']",2025-12-23,2026-08-05T22:00:04.659588,0.85
PROP-357460,Bluewaters,Apartment,3,5,1611,41,2000830,2979063,11,"['gym', 'sea_view', 'metro']",2025-03-22,2026-08-05T22:00:04.659606,0.85
PROP-184717,Bluewaters,Penthouse,5,4,2706,38,3792385,5381718,24,"['parking', 'pool', 'metro', 'sea_view', 'mall']",2026-03-02,2026-08-05T22:00:04.659624,0.85
PROP-327217,Palm Jumeirah,Apartment,1,3,685,8,953701,1361982,24,"['sea_view', 'pool']",2026-01-09,2026-08-05T22:00:04.659642,0.85
PROP-248654,JLT,Apartment,3,4,1266,38,1045769,1249117,42,"['sea_view', 'parking', 'metro', 'security']",2025-02-26,2026-08-05T22:00:04.659660,0.85
PROP-821523,Arabian Ranches,Penthouse,4,5,1954,39,1025176,2009368,23,"['mall', 'security', 'sea_view']",2026-03-16,2026-08-05T22:00:04.659678,0.85
PROP-618435,Bluewaters,Penthouse,3,5,1632,23,2017849,2742874,23,"['mall', 'balcony', 'gym', 'pool', 'parking']",2025-07-06,2026-08-05T22:00:04.659699,0.85
PROP-799627,Downtown Dubai,Penthouse,3,3,1835,31,2419944,3475303,5,"['parking', 'gym', 'sea_view']",2025-10-09,2026-08-05T22:00:04.659717,0.85
PROP-175097,JLT,Apartment,2,3,1195,12,894184,1029418,23,"['balcony', 'sea_view']",2026-03-22,2026-08-05T22:00:04.659734,0.85
PROP-602475,JLT,Penthouse,3,4,1334,24,874664,1271845,20,"['metro', 'balcony', 'sea_view', 'security', 'gym', 'mall']",2025-10-21,2026-08-05T22:00:04.659756,0.85
PROP-129681,Dubai Marina,Townhouse,2,3,1267,1,1433869,1639180,25,"['pool', 'gym', 'security', 'balcony', 'metro']",2026-07-08,2026-08-05T22:00:04.659775,0.85
PROP-605994,Palm Jumeirah,Villa,6,6,2928,1,4617071,5431822,24,"['parking', 'sea_view', 'gym', 'balcony', 'pool', 'mall']",2026-01-22,2026-08-05T22:00:04.659795,0.85
PROP-278613,Dubai Marina,Penthouse,4,4,1816,3,2009991,2042890,32,"['gym', 'pool', 'balcony']",2025-03-29,2026-08-05T22:00:04.659813,0.85
PROP-651362,Downtown Dubai,Villa,5,7,2270,1,2389034,3297181,7,"['metro', 'sea_view', 'pool', 'security', 'parking']",2025-04-27,2026-08-05T22:00:04.659831,0.85
PROP-230273,Arabian Ranches,Townhouse,3,5,1663,1,1043419,1808154,22,"['parking', 'metro', 'gym', 'pool']",2025-02-27,2026-08-05T22:00:04.659849,0.85
PROP-526122,Dubai Marina,Townhouse,3,5,1618,1,1469371,2376655,26,"['gym', 'pool', 'security', 'metro', 'sea_view', 'balcony']",2025-08-24,2026-08-05T22:00:04.659875,0.85
PROP-538884,Downtown Dubai,Apartment,2,2,934,39,1103314,1842829,30,"['mall', 'metro', 'gym', 'security']",2026-03-23,2026-08-05T22:00:04.659895,0.85
PROP-831590,Arabian Ranches,Townhouse,3,5,1564,1,1093744,1645539,23,"['security', 'balcony', 'sea_view', 'metro', 'pool', 'gym']",2026-01-24,2026-08-05T22:00:04.659914,0.85
PROP-542070,Dubai Marina,Apartment,1,1,616,28,700268,784802,34,"['gym', 'security', 'mall']",2025-12-15,2026-08-05T22:00:04.659933,0.85
PROP-354460,Dubai Marina,Villa,3,5,1890,1,1698339,2625583,33,"['balcony', 'sea_view']",2026-05-07,2026-08-05T22:00:04.659950,0.85
PROP-605234,JLT,Villa,5,6,2589,1,2156526,2462285,27,"['security', 'sea_view', 'balcony', 'metro', 'pool']",2026-02-03,2026-08-05T22:00:04.659968,0.85
PROP-288223,Palm Jumeirah,Villa,4,4,2003,1,2315880,4739309,15,"['parking', 'mall', 'balcony', 'pool', 'metro', 'gym']",2025-05-16,2026-08-05T22:00:04.659989,0.85
PROP-433802,Dubai Marina,Villa,4,6,1598,1,1646957,2073536,27,"['balcony', 'parking', 'metro', 'pool', 'gym', 'sea_view']",2025-10-25,2026-08-05T22:00:04.660008,0.85
PROP-829560,Downtown Dubai,Apartment,2,4,936,39,1007448,1812895,29,"['metro', 'balcony', 'sea_view', 'parking', 'pool']",2025-04-25,2026-08-05T22:00:04.660027,0.85
PROP-444585,Bluewaters,Townhouse,2,4,1010,1,1529059,1635458,34,"['parking', 'sea_view', 'pool', 'security', 'balcony', 'mall']",2025-12-22,2026-08-05T22:00:04.660045,0.85
PROP-226902,Bluewaters,Apartment,2,4,1092,5,1631192,1888587,30,"['security', 'mall', 'metro', 'pool', 'sea_view']",2026-02-17,2026-08-05T22:00:04.660064,0.85
PROP-930380,JLT,Villa,5,4,2842,1,1965780,2828178,37,"['balcony', 'pool', 'sea_view']",2025-01-08,2026-08-05T22:00:04.660083,0.85
PROP-404285,Bluewaters,Villa,3,5,1791,1,2005574,3117796,21,"['pool', 'mall', 'balcony', 'metro']",2025-09-01,2026-08-05T22:00:04.660101,0.85
PROP-531334,Palm Jumeirah,Villa,5,6,2060,1,2458169,4111054,38,"['pool', 'sea_view', 'balcony', 'parking']",2025-04-05,2026-08-05T22:00:04.660127,0.85
PROP-301872,Palm Jumeirah,Apartment,1,3,651,22,898315,1296645,32,"['balcony', 'pool', 'parking', 'security', 'sea_view', 'metro']",2026-04-29,2026-08-05T22:00:04.660151,0.85
PROP-128480,JLT,Apartment,2,3,1192,20,1015144,1307666,38,"['pool', 'balcony', 'gym', 'security', 'mall', 'parking']",2026-04-17,2026-08-05T22:00:04.660171,0.85
PROP-500798,Bluewaters,Villa,5,7,2391,1,2672824,4654665,16,"['parking', 'gym']",2025-03-16,2026-08-05T22:00:04.660192,0.85
PROP-738404,Bluewaters,Penthouse,4,6,2200,11,2920978,3828520,28,"['gym', 'balcony', 'parking', 'pool', 'metro']",2025-12-24,2026-08-05T22:00:04.660211,0.85
PROP-880853,Bluewaters,Apartment,3,3,1906,9,2232762,3771127,15,"['pool', 'security', 'metro', 'gym']",2025-02-12,2026-08-05T22:00:04.660229,0.85
PROP-207507,Downtown Dubai,Townhouse,2,2,1055,1,1354390,1818059,11,"['balcony', 'gym', 'security']",2025-07-11,2026-08-05T22:00:04.660246,0.85
PROP-502358,Bluewaters,Penthouse,4,5,2267,33,2844439,4726748,36,"['parking', 'mall', 'gym', 'balcony']",2026-01-01,2026-08-05T22:00:04.660264,0.85
PROP-946159,Arabian Ranches,Villa,5,6,2105,1,1146293,2109226,47,"['sea_view', 'gym']",2024-12-31,2026-08-05T22:00:04.660283,0.85
PROP-980286,Arabian Ranches,Townhouse,3,4,1520,1,820339,1562675,49,"['metro', 'parking', 'mall', 'gym', 'sea_view', 'security']",2026-03-11,2026-08-05T22:00:04.660302,0.85
PROP-677218,JLT,Penthouse,4,3,1998,8,1679859,1911906,17,"['sea_view', 'parking']",2026-03-02,2026-08-05T22:00:04.660319,0.85
PROP-834296,Arabian Ranches,Penthouse,3,4,1571,43,896333,1867701,34,"['balcony', 'security', 'pool', 'metro', 'sea_view']",2025-03-21,2026-08-05T22:00:04.660338,0.85
PROP-207614,Bluewaters,Apartment,2,1,975,40,1226325,1607990,11,"['balcony', 'metro', 'sea_view']",2025-04-23,2026-08-05T22:00:04.660356,0.85
PROP-373426,Palm Jumeirah,Penthouse,4,5,2149,21,2320999,4377716,30,"['metro', 'pool', 'sea_view', 'mall', 'security', 'gym']",2025-09-10,2026-08-05T22:00:04.660377,0.85
PROP-919503,Arabian Ranches,Villa,4,5,2314,1,1649228,2338022,49,"['sea_view', 'pool', 'parking', 'mall', 'metro']",2025-07-09,2026-08-05T22:00:04.660396,0.85
PROP-594538,JLT,Penthouse,5,5,2645,20,1623152,2770497,40,"['parking', 'metro', 'balcony', 'security']",2026-04-14,2026-08-05T22:00:04.660415,0.85
PROP-840006,Bluewaters,Villa,5,7,2158,1,3318662,4546238,21,"['security', 'balcony']",2025-08-18,2026-08-05T22:00:04.660432,0.85
PROP-686455,JLT,Penthouse,5,5,3007,20,2268025,3117885,37,"['security', 'balcony', 'sea_view', 'parking', 'gym']",2025-05-09,2026-08-05T22:00:04.660450,0.85
PROP-730280,Dubai Marina,Penthouse,3,4,1722,15,1354904,2617352,9,"['parking', 'security']",2025-07-06,2026-08-05T22:00:04.660469,0.85
PROP-326738,Palm Jumeirah,Apartment,3,3,1300,42,2265738,3122285,17,"['mall', 'parking', 'balcony', 'security', 'sea_view']",2026-05-31,2026-08-05T22:00:04.660487,0.85
PROP-633379,JLT,Townhouse,2,2,925,1,762391,799837,26,"['security', 'sea_view', 'balcony', 'parking']",2025-05-24,2026-08-05T22:00:04.660505,0.85
PROP-193089,Arabian Ranches,Penthouse,5,5,2198,35,1092989,2613204,27,"['sea_view', 'security', 'mall']",2025-05-04,2026-08-05T22:00:04.660522,0.85
PROP-511475,JLT,Apartment,2,2,1090,20,745540,988846,31,"['parking', 'sea_view', 'security', 'gym', 'metro']",2025-10-28,2026-08-05T22:00:04.660540,0.85
PROP-781640,JLT,Townhouse,3,2,1823,1,1594120,1789522,43,"['balcony', 'metro', 'security', 'parking', 'mall']",2025-09-03,2026-08-05T22:00:04.660559,0.85
PROP-588354,Downtown Dubai,Townhouse,3,4,1555,1,1757131,2354510,27,"['balcony', 'metro', 'pool', 'gym', 'security']",2025-06-06,2026-08-05T22:00:04.660577,0.85
PROP-309422,JLT,Penthouse,4,3,1844,2,1636530,1740746,31,"['gym', 'parking', 'balcony', 'security']",2025-07-11,2026-08-05T22:00:04.660594,0.85
PROP-934990,Palm Jumeirah,Apartment,1,2,884,14,1369539,1719886,32,"['pool', 'metro', 'mall', 'sea_view', 'parking', 'security']",2026-05-31,2026-08-05T22:00:04.660622,0.85
PROP-483209,JLT,Townhouse,2,3,1429,1,921711,1462523,40,"['sea_view', 'gym', 'balcony', 'parking']",2025-04-20,2026-08-05T22:00:04.660642,0.85
PROP-130307,Downtown Dubai,Townhouse,1,1,689,1,972808,1142294,5,"['pool', 'parking']",2025-04-10,2026-08-05T22:00:04.660661,0.85
PROP-184252,Arabian Ranches,Apartment,1,1,763,20,473349,859167,32,"['gym', 'pool', 'balcony', 'sea_view', 'security']",2025-08-17,2026-08-05T22:00:04.660680,0.85
PROP-593233,Dubai Marina,Apartment,3,4,1644,29,1748426,2035832,22,"['balcony', 'sea_view']",2025-09-04,2026-08-05T22:00:04.660706,0.85
PROP-876338,JLT,Penthouse,3,5,1789,43,1073432,1817917,40,"['metro', 'security', 'sea_view', 'mall', 'gym', 'parking']",2026-06-10,2026-08-05T22:00:04.660729,0.85
PROP-835454,Palm Jumeirah,Villa,5,7,2585,1,3489614,5606161,32,"['balcony', 'sea_view']",2026-01-17,2026-08-05T22:00:04.660748,0.85
PROP-813460,Downtown Dubai,Villa,3,3,1686,1,2020270,3279204,31,"['sea_view', 'parking']",2025-02-28,2026-08-05T22:00:04.660767,0.85
PROP-355470,Downtown Dubai,Penthouse,3,3,1330,4,1503146,2034592,6,"['metro', 'security', 'pool', 'parking', 'mall', 'gym']",2025-04-25,2026-08-05T22:00:04.660798,0.85
PROP-395725,Downtown Dubai,Apartment,2,4,1430,22,1487881,2392567,31,"['parking', 'pool', 'gym', 'mall']",2025-10-10,2026-08-05T22:00:04.660817,0.85
PROP-621038,Dubai Marina,Apartment,3,3,1817,33,1731794,2203712,20,"['metro', 'security']",2025-09-02,2026-08-05T22:00:04.660835,0.85
PROP-492050,JLT,Townhouse,1,1,577,1,505222,474817,38,"['pool', 'gym', 'parking']",2025-01-18,2026-08-05T22:00:04.660861,0.85
PROP-460424,Downtown Dubai,Townhouse,2,3,1112,1,1253941,2191217,33,"['sea_view', 'mall', 'gym', 'pool', 'security', 'parking']",2025-08-02,2026-08-05T22:00:04.660888,0.85
PROP-583095,Arabian Ranches,Apartment,3,4,1728,11,1232185,1842393,33,"['sea_view', 'metro', 'balcony', 'pool']",2025-06-13,2026-08-05T22:00:04.660907,0.85
PROP-958914,Palm Jumeirah,Villa,4,4,1896,1,2348469,4119525,43,"['gym', 'balcony', 'sea_view', 'pool', 'metro', 'security']",2026-04-18,2026-08-05T22:00:04.660926,0.85
PROP-281811,Palm Jumeirah,Penthouse,3,4,1334,20,2319297,2497191,32,"['mall', 'sea_view', 'gym', 'pool']",2026-03-22,2026-08-05T22:00:04.660952,0.85
PROP-480049,Dubai Marina,Townhouse,1,3,650,1,528218,743325,32,"['gym', 'mall', 'metro', 'pool', 'parking']",2025-07-05,2026-08-05T22:00:04.660971,0.85
PROP-478077,Downtown Dubai,Apartment,1,2,526,13,519827,833387,4,"['mall', 'balcony', 'pool', 'sea_view', 'metro']",2025-06-10,2026-08-05T22:00:04.660991,0.85
PROP-921124,Arabian Ranches,Townhouse,3,4,1626,1,939220,1872864,34,"['balcony', 'parking', 'metro']",2026-03-02,2026-08-05T22:00:04.661009,0.85
PROP-209724,Arabian Ranches,Villa,3,3,1598,1,897913,1464603,30,"['gym', 'pool']",2025-05-03,2026-08-05T22:00:04.661035,0.85
PROP-524146,Bluewaters,Penthouse,5,7,2777,2,2920825,5699107,37,"['parking', 'gym', 'sea_view', 'mall', 'metro', 'balcony']",2026-02-23,2026-08-05T22:00:04.661055,0.85
PROP-131957,Arabian Ranches,Villa,6,6,2470,1,1560735,2592923,50,"['parking', 'sea_view', 'security', 'balcony', 'metro']",2026-01-18,2026-08-05T22:00:04.661075,0.85
PROP-616189,Arabian Ranches,Villa,5,7,2624,1,1729166,2370355,39,"['parking', 'sea_view', 'metro']",2025-07-02,2026-08-05T22:00:04.661095,0.85
PROP-366431,Downtown Dubai,Villa,6,5,3383,1,3504085,4798120,34,"['balcony', 'mall', 'parking', 'metro', 'security']",2026-02-21,2026-08-05T22:00:04.661122,0.85
PROP-941840,Downtown Dubai,Penthouse,3,3,1797,6,1979783,2716632,26,"['sea_view', 'mall']",2025-02-01,2026-08-05T22:00:04.661140,0.85
PROP-988351,Bluewaters,Apartment,3,3,1897,26,1951264,3467833,20,"['pool', 'gym', 'metro', 'parking', 'mall', 'sea_view']",2025-07-14,2026-08-05T22:00:04.661161,0.85
PROP-821221,Palm Jumeirah,Penthouse,4,6,2082,3,3324896,3781548,40,"['sea_view', 'security']",2025-05-21,2026-08-05T22:00:04.661184,0.85
PROP-656629,Palm Jumeirah,Villa,3,2,1615,1,2473281,3307670,38,"['security', 'balcony', 'metro']",2025-02-10,2026-08-05T22:00:04.661216,0.85
PROP-536931,Arabian Ranches,Penthouse,5,7,2507,45,1794532,2990835,40,"['gym', 'mall', 'security']",2026-05-04,2026-08-05T22:00:04.661239,0.85
PROP-183510,Bluewaters,Villa,4,3,1638,1,2377813,3474004,28,"['pool', 'parking', 'security', 'balcony', 'metro']",2025-04-07,2026-08-05T22:00:04.661258,0.85
PROP-423003,Arabian Ranches,Apartment,1,1,671,8,444458,750904,48,"['sea_view', 'mall', 'gym', 'balcony', 'metro', 'parking']",2025-08-26,2026-08-05T22:00:04.661300,0.85
PROP-597268,Dubai Marina,Apartment,2,4,1112,24,960778,1468117,26,"['sea_view', 'pool', 'mall']",2025-05-18,2026-08-05T22:00:04.661321,0.85
PROP-975260,Downtown Dubai,Apartment,3,4,1821,9,2322874,2979713,4,"['balcony', 'metro', 'mall', 'sea_view', 'security', 'parking']",2025-06-04,2026-08-05T22:00:04.661344,0.85
PROP-897060,Palm Jumeirah,Penthouse,5,5,2690,24,4404861,6610628,30,"['parking', 'balcony', 'gym']",2026-07-05,2026-08-05T22:00:04.661363,0.85
PROP-608515,Dubai Marina,Villa,4,4,1987,1,1579713,3078138,25,"['metro', 'balcony', 'sea_view', 'parking']",2025-05-05,2026-08-05T22:00:04.661399,0.85
PROP-450982,JLT,Penthouse,5,4,2834,18,1975820,2736224,32,"['balcony', 'mall', 'parking', 'metro']",2025-03-05,2026-08-05T22:00:04.661418,0.85
PROP-387873,Downtown Dubai,Apartment,1,2,714,6,1006783,1137706,15,"['parking', 'balcony', 'sea_view', 'metro']",2025-03-08,2026-08-05T22:00:04.661437,0.85
PROP-979787,Arabian Ranches,Penthouse,4,3,2232,41,1227313,2361386,42,"['metro', 'security', 'parking']",2026-02-21,2026-08-05T22:00:04.661455,0.85
PROP-217013,Bluewaters,Apartment,3,5,1605,22,1831257,3158442,22,"['gym', 'metro', 'parking', 'security']",2025-08-30,2026-08-05T22:00:04.661474,0.85
PROP-895450,Arabian Ranches,Penthouse,4,6,1744,4,1073909,1677664,44,"['parking', 'pool', 'metro', 'security', 'gym', 'sea_view']",2026-03-27,2026-08-05T22:00:04.661493,0.85
PROP-602894,Bluewaters,Townhouse,3,5,1727,1,1922458,3054146,15,"['balcony', 'metro', 'mall', 'gym', 'parking', 'security']",2026-01-31,2026-08-05T22:00:04.661512,0.85
PROP-932185,JLT,Penthouse,5,4,2841,17,2076112,2864430,47,"['pool', 'parking']",2026-06-11,2026-08-05T22:00:04.661529,0.85
PROP-462723,Downtown Dubai,Villa,5,4,2110,1,2907208,3509310,11,"['metro', 'security', 'sea_view', 'mall']",2026-04-10,2026-08-05T22:00:04.661549,0.85
PROP-884060,Palm Jumeirah,Townhouse,2,4,984,1,1236331,1877441,25,"['metro', 'security']",2025-10-11,2026-08-05T22:00:04.661568,0.85
PROP-528624,JLT,Villa,6,6,2442,1,2014200,2243041,39,"['gym', 'pool', 'balcony', 'mall']",2025-07-05,2026-08-05T22:00:04.661588,0.85
PROP-576041,JLT,Villa,5,4,2108,1,1820982,2286706,27,"['security', 'metro', 'pool']",2025-02-15,2026-08-05T22:00:04.661606,0.85
PROP-102650,Palm Jumeirah,Townhouse,3,3,1297,1,1761481,2712999,19,"['sea_view', 'security', 'metro', 'balcony', 'parking', 'gym']",2025-06-08,2026-08-05T22:00:04.661625,0.85
PROP-488314,JLT,Apartment,2,3,1130,45,871066,937918,33,"['mall', 'security']",2025-06-15,2026-08-05T22:00:04.661652,0.85
PROP-645273,Dubai Marina,Villa,5,6,2127,1,2121566,2515402,15,"['metro', 'parking']",2026-01-20,2026-08-05T22:00:04.661670,0.85
PROP-417710,Bluewaters,Villa,5,7,2420,1,3049849,4380933,35,"['pool', 'security', 'mall', 'parking']",2025-08-02,2026-08-05T22:00:04.661690,0.85
PROP-861186,Bluewaters,Townhouse,3,3,1795,1,2046719,3696804,28,"['mall', 'pool', 'parking', 'security', 'gym']",2026-02-14,2026-08-05T22:00:04.661709,0.85
PROP-722583,Dubai Marina,Townhouse,3,2,1729,1,1937827,2501805,18,"['sea_view', 'gym']",2025-07-15,2026-08-05T22:00:04.661726,0.85
PROP-795428,JLT,Penthouse,3,2,1681,8,1070663,1512744,25,"['mall', 'metro', 'gym', 'parking', 'balcony']",2025-11-07,2026-08-05T22:00:04.661750,0.85
PROP-779642,Dubai Marina,Townhouse,3,5,1340,1,1215196,1718739,39,"['sea_view', 'security', 'parking', 'pool', 'gym', 'metro']",2025-09-24,2026-08-05T22:00:04.661774,0.85
PROP-679535,Bluewaters,Penthouse,4,3,2173,22,3243831,3964541,17,"['sea_view', 'gym', 'metro', 'mall', 'parking', 'balcony']",2025-07-27,2026-08-05T22:00:04.661802,0.85
PROP-530487,Dubai Marina,Townhouse,2,3,1233,1,1373645,1416545,22,"['pool', 'gym', 'balcony', 'parking', 'mall']",2025-12-28,2026-08-05T22:00:04.661822,0.85
PROP-801959,Downtown Dubai,Villa,4,5,1952,1,2155554,3277424,12,"['mall', 'sea_view', 'metro', 'pool', 'parking']",2025-03-07,2026-08-05T22:00:04.661841,0.85
PROP-490975,Arabian Ranches,Penthouse,5,5,2283,36,1287228,2273417,31,"['security', 'mall']",2025-09-18,2026-08-05T22:00:04.661866,0.85
PROP-791067,Bluewaters,Penthouse,3,2,1517,13,2045797,2780634,11,"['mall', 'parking']",2026-06-24,2026-08-05T22:00:04.661884,0.85
PROP-812931,Dubai Marina,Apartment,2,1,1231,37,1310532,1520106,10,"['metro', 'sea_view', 'balcony', 'gym', 'parking']",2025-09-08,2026-08-05T22:00:04.661902,0.85
PROP-610454,Dubai Marina,Penthouse,5,5,2176,38,2332132,2650749,26,"['metro', 'security', 'mall', 'gym', 'parking', 'pool']",2025-04-28,2026-08-05T22:00:04.661922,0.85
PROP-916935,Downtown Dubai,Townhouse,3,4,1959,1,2439515,2796051,5,"['parking', 'gym', 'balcony', 'sea_view', 'metro']",2025-10-28,2026-08-05T22:00:04.661944,0.85
PROP-272982,Dubai Marina,Villa,4,5,1707,1,1707602,1941209,15,"['mall', 'metro']",2025-09-07,2026-08-05T22:00:04.661970,0.85
PROP-837771,JLT,Townhouse,3,3,1687,1,1442924,1816671,27,"['metro', 'security', 'pool', 'parking', 'sea_view']",2025-12-21,2026-08-05T22:00:04.661989,0.85
PROP-801904,Bluewaters,Apartment,3,2,1614,24,2321023,3005545,22,"['parking', 'security', 'pool', 'balcony', 'gym', 'metro']",2026-01-10,2026-08-05T22:00:04.662008,0.85
PROP-305650,JLT,Villa,6,7,3320,1,2132924,3160553,41,"['metro', 'security', 'balcony', 'pool', 'sea_view', 'mall']",2026-02-14,2026-08-05T22:00:04.662033,0.85
PROP-573437,Downtown Dubai,Apartment,2,2,1045,25,1044636,1530844,19,"['parking', 'metro', 'mall', 'balcony', 'sea_view', 'gym']",2025-08-25,2026-08-05T22:00:04.662056,0.85
PROP-936021,Palm Jumeirah,Townhouse,2,3,1267,1,1533350,2889404,23,"['balcony', 'pool', 'metro', 'mall']",2026-04-05,2026-08-05T22:00:04.662074,0.85
PROP-823534,Bluewaters,Townhouse,1,1,777,1,871244,1693722,32,"['parking', 'pool', 'gym', 'balcony']",2026-03-24,2026-08-05T22:00:04.662092,0.85
PROP-273867,Arabian Ranches,Villa,6,8,3140,1,2095251,3331908,49,"['mall', 'pool', 'parking', 'security']",2026-01-31,2026-08-05T22:00:04.662112,0.85
PROP-668016,Dubai Marina,Apartment,2,2,1024,21,897133,1156948,12,"['parking', 'security']",2026-02-01,2026-08-05T22:00:04.662137,0.85
PROP-793528,Downtown Dubai,Penthouse,3,3,1410,31,1948134,2308079,13,"['mall', 'pool', 'sea_view', 'balcony', 'metro']",2025-05-18,2026-08-05T22:00:04.662158,0.85
PROP-822513,Bluewaters,Penthouse,4,3,2177,30,2663988,4450392,22,"['mall', 'security']",2025-03-07,2026-08-05T22:00:04.662177,0.85
PROP-146888,Dubai Marina,Penthouse,3,2,1606,3,1415685,2187012,25,"['pool', 'sea_view', 'parking', 'mall', 'security']",2025-11-26,2026-08-05T22:00:04.662201,0.85
PROP-138802,Downtown Dubai,Villa,6,7,3370,1,4522559,5237052,17,"['balcony', 'pool', 'mall', 'sea_view', 'metro']",2025-06-04,2026-08-05T22:00:04.662220,0.85
PROP-953908,Palm Jumeirah,Villa,3,5,1878,1,3104673,4128575,43,"['mall', 'sea_view', 'pool', 'gym', 'parking', 'metro']",2025-07-14,2026-08-05T22:00:04.662238,0.85
PROP-587112,Bluewaters,Apartment,3,5,1699,8,2239703,3470098,22,"['gym', 'mall', 'security', 'balcony', 'metro', 'parking']",2025-06-09,2026-08-05T22:00:04.662257,0.85
PROP-247425,Dubai Marina,Penthouse,4,4,1790,16,1439364,2191826,37,"['parking', 'metro', 'mall', 'gym', 'security']",2026-06-26,2026-08-05T22:00:04.662284,0.85
PROP-892729,Downtown Dubai,Apartment,2,1,1341,30,1523486,2099746,4,"['security', 'gym', 'parking']",2025-12-08,2026-08-05T22:00:04.662303,0.85
PROP-495713,Arabian Ranches,Townhouse,1,1,660,1,374154,641383,46,"['gym', 'security', 'parking', 'sea_view']",2025-10-04,2026-08-05T22:00:04.662321,0.85
PROP-298598,Arabian Ranches,Villa,5,4,1963,1,1288232,1945877,50,"['parking', 'balcony']",2025-10-09,2026-08-05T22:00:04.662338,0.85
PROP-301584,Dubai Marina,Townhouse,2,4,1384,1,1085466,1675018,34,"['mall', 'pool', 'security', 'sea_view', 'metro', 'gym']",2026-06-05,2026-08-05T22:00:04.662363,0.85
PROP-897721,Dubai Marina,Townhouse,2,4,1121,1,996846,1305723,38,"['pool', 'parking', 'mall', 'security', 'metro']",2025-11-03,2026-08-05T22:00:04.662396,0.85
PROP-506610,Bluewaters,Townhouse,1,1,761,1,1005777,1270247,28,"['metro', 'security', 'mall', 'sea_view', 'pool']",2026-06-29,2026-08-05T22:00:04.662419,0.85
PROP-146774,Palm Jumeirah,Villa,5,6,2985,1,4941092,6323819,33,"['gym', 'sea_view', 'security']",2025-11-03,2026-08-05T22:00:04.662439,0.85
PROP-416874,Downtown Dubai,Villa,4,5,2307,1,3043486,4229970,18,"['mall', 'parking', 'metro', 'pool']",2026-07-18,2026-08-05T22:00:04.662457,0.85
PROP-505816,Arabian Ranches,Townhouse,3,2,1755,1,1137623,2097164,44,"['gym', 'balcony', 'pool']",2025-07-05,2026-08-05T22:00:04.662474,0.85
PROP-210295,Dubai Marina,Townhouse,2,2,1072,1,1011759,1596985,27,"['balcony', 'metro', 'security', 'sea_view']",2026-03-11,2026-08-05T22:00:04.662497,0.85
PROP-274503,Dubai Marina,Apartment,2,4,1157,29,1053264,1662383,20,"['sea_view', 'security', 'gym', 'balcony', 'metro']",2026-02-11,2026-08-05T22:00:04.662522,0.85
PROP-111961,JLT,Villa,5,6,2202,1,1822074,2144728,36,"['balcony', 'sea_view', 'security', 'mall', 'parking', 'metro']",2025-04-30,2026-08-05T22:00:04.662545,0.85
PROP-725101,JLT,Penthouse,5,5,2888,5,1922094,2424952,30,"['mall', 'pool', 'balcony', 'security', 'sea_view', 'gym']",2025-04-13,2026-08-05T22:00:04.662567,0.85
PROP-896172,Palm Jumeirah,Penthouse,3,3,1874,27,2218641,3665496,27,"['parking', 'sea_view', 'security', 'pool', 'balcony', 'metro']",2025-04-17,2026-08-05T22:00:04.662586,0.85
PROP-817656,Downtown Dubai,Townhouse,1,1,805,1,839411,1446112,5,"['parking', 'mall', 'gym', 'sea_view', 'balcony']",2026-01-15,2026-08-05T22:00:04.662606,0.85
PROP-842096,Downtown Dubai,Apartment,1,1,724,17,792318,1023399,16,"['metro', 'balcony']",2025-10-29,2026-08-05T22:00:04.662623,0.85
PROP-630420,Downtown Dubai,Apartment,2,3,1200,13,1348429,2067133,16,"['parking', 'balcony', 'mall', 'pool']",2026-03-03,2026-08-05T22:00:04.662641,0.85
PROP-222104,Palm Jumeirah,Villa,6,5,2443,1,4153759,4850407,29,"['sea_view', 'parking', 'balcony', 'security', 'metro', 'pool']",2026-03-20,2026-08-05T22:00:04.662659,0.85
PROP-482901,Arabian Ranches,Apartment,2,2,1163,20,810708,1231410,21,"['security', 'mall', 'metro', 'parking']",2026-03-02,2026-08-05T22:00:04.662677,0.85
PROP-276982,Palm Jumeirah,Apartment,2,4,1351,41,2393460,2946597,13,"['pool', 'gym', 'sea_view']",2026-03-12,2026-08-05T22:00:04.662695,0.85
PROP-693347,Dubai Marina,Villa,3,5,1221,1,1225536,1780878,19,"['metro', 'security', 'gym', 'balcony', 'sea_view', 'parking']",2025-03-21,2026-08-05T22:00:04.662713,0.85
PROP-798910,Arabian Ranches,Penthouse,3,5,1342,17,902287,1532120,39,"['metro', 'gym', 'balcony', 'pool']",2025-02-27,2026-08-05T22:00:04.662731,0.85
PROP-287482,Arabian Ranches,Penthouse,4,5,1834,1,983517,2068884,38,"['pool', 'security', 'mall', 'sea_view', 'parking', 'balcony']",2026-05-17,2026-08-05T22:00:04.662754,0.85
PROP-478381,Arabian Ranches,Penthouse,4,5,2240,10,1580004,2114877,26,"['gym', 'sea_view']",2025-02-25,2026-08-05T22:00:04.662771,0.85
PROP-525502,Palm Jumeirah,Townhouse,2,1,1143,1,1670466,2553073,34,"['pool', 'metro']",2025-09-30,2026-08-05T22:00:04.662790,0.85
PROP-158093,JLT,Villa,6,7,3205,1,2672892,2905824,29,"['mall', 'parking', 'metro', 'gym', 'pool', 'security']",2025-05-26,2026-08-05T22:00:04.662809,0.85
PROP-660892,JLT,Townhouse,2,2,908,1,700848,827858,47,"['parking', 'gym', 'sea_view', 'balcony', 'metro']",2025-05-08,2026-08-05T22:00:04.662826,0.85
PROP-877547,Bluewaters,Apartment,2,1,976,22,1230281,1909691,18,"['metro', 'security', 'pool']",2025-10-17,2026-08-05T22:00:04.662844,0.85
PROP-801821,Bluewaters,Townhouse,3,2,1859,1,1903174,3381501,34,"['metro', 'security']",2025-02-23,2026-08-05T22:00:04.662868,0.85
PROP-839279,Downtown Dubai,Apartment,3,3,1454,37,1487055,2139553,21,"['sea_view', 'gym', 'metro']",2025-11-25,2026-08-05T22:00:04.662886,0.85
PROP-438390,Downtown Dubai,Penthouse,3,4,1692,31,2099832,2882004,22,"['sea_view', 'balcony']",2025-06-29,2026-08-05T22:00:04.662903,0.85
